SET search_path TO 'OrtiScolastici'
SET datestyle TO 'MDY'
SET timezone TO 'GMT'
INSERT INTO Scuola (Cod_Meccanografico, NomeScuola, CicloIstruzione, Comune, Provincia, Collabora, Finanziamento, Dirigente, Referente) VALUES ('6911841143', 'Modigliani SPA', 2, 'Santo Spirito', 'Matera', True, 'magni', 'giovanna43@example.net', 'giovanna43@example.net');
INSERT INTO Scuola (Cod_Meccanografico, NomeScuola, CicloIstruzione, Comune, Provincia, Collabora, Finanziamento, Dirigente, Referente) VALUES ('4752709608', 'Giannetti-Vattimo Group', 1, 'Fiuminata', 'Ogliastra', True, 'dicta', 'vlanfranchi@example.com', 'vlanfranchi@example.com');
INSERT INTO Scuola (Cod_Meccanografico, NomeScuola, CicloIstruzione, Comune, Provincia, Collabora, Finanziamento, Dirigente, Referente) VALUES ('3607350977', 'Gianinazzi, Bersani e Solimena SPA', 1, 'Cuquello', 'Campobasso', True, 'ipsum', 'smengolo@example.org', 'smengolo@example.org');
INSERT INTO Scuola (Cod_Meccanografico, NomeScuola, CicloIstruzione, Comune, Provincia, Collabora, Finanziamento, Dirigente, Referente) VALUES ('2757972759', 'Carocci, Albertini e Bianchi e figli', 1, 'Hinterkirch', 'Grosseto', True, 'labore', 'cignarolirodolfo@example.com', 'cignarolirodolfo@example.com');
INSERT INTO Scuola (Cod_Meccanografico, NomeScuola, CicloIstruzione, Comune, Provincia, Collabora, Finanziamento, Dirigente, Referente) VALUES ('5445814349', 'Bergoglio, Maglio e Einaudi SPA', 1, 'Casperia', 'Lucca', True, 'occaecati', 'ritamontalti@example.org', 'ritamontalti@example.org');
INSERT INTO Scuola (Cod_Meccanografico, NomeScuola, CicloIstruzione, Comune, Provincia, Collabora, Finanziamento, Dirigente, Referente) VALUES ('5255827545', 'Rizzo e figli', 2, 'Ortignano', 'Matera', False, 'beatae', 'fgranatelli@example.net', 'fgranatelli@example.net');
INSERT INTO Scuola (Cod_Meccanografico, NomeScuola, CicloIstruzione, Comune, Provincia, Collabora, Finanziamento, Dirigente, Referente) VALUES ('7788610038', 'Juvara-Gabba e figli', 1, 'Silvi Marina', 'Cuneo', False, 'repellat', 'tboezio@example.net', 'tboezio@example.net');
INSERT INTO Scuola (Cod_Meccanografico, NomeScuola, CicloIstruzione, Comune, Provincia, Collabora, Finanziamento, Dirigente, Referente) VALUES ('8928627682', 'Paruta Group', 2, 'Tires', 'Treviso', False, 'a', 'sommarugastella@example.com', 'sommarugastella@example.com');
INSERT INTO Scuola (Cod_Meccanografico, NomeScuola, CicloIstruzione, Comune, Provincia, Collabora, Finanziamento, Dirigente, Referente) VALUES ('328023826', 'Taliani-Esposito SPA', 2, 'Cogorno', 'Bergamo', True, 'odit', 'gianfrancescoorengo@example.com', 'gianfrancescoorengo@example.com');
INSERT INTO Scuola (Cod_Meccanografico, NomeScuola, CicloIstruzione, Comune, Provincia, Collabora, Finanziamento, Dirigente, Referente) VALUES ('2234001973', 'Casalodi, Malatesta e Capecchi s.r.l.', 1, 'Limone', 'Napoli', True, 'labore', 'panfiloonio@example.net', 'panfiloonio@example.net');
INSERT INTO Classe (IdClasse, Sezione, Scuola, Ordine, TipoScuola, Docente) VALUES ('3602167303', 'R', '6911841143', 1, 'facere', 'galassogianvecchio@example.net');
INSERT INTO Classe (IdClasse, Sezione, Scuola, Ordine, TipoScuola, Docente) VALUES ('9368372611', 'y', '6911841143', 2, 'neque', 'salvatoremalipiero@example.net');
INSERT INTO Classe (IdClasse, Sezione, Scuola, Ordine, TipoScuola, Docente) VALUES ('1806216347', 's', '3607350977', 2, 'dolorem', 'gino39@example.net');
INSERT INTO Classe (IdClasse, Sezione, Scuola, Ordine, TipoScuola, Docente) VALUES ('1312106205', 'H', '3607350977', 2, 'illum', 'ettore19@example.com');
INSERT INTO Classe (IdClasse, Sezione, Scuola, Ordine, TipoScuola, Docente) VALUES ('9675059021', 'R', '5445814349', 2, 'quae', 'picciomaura@example.com');
INSERT INTO Classe (IdClasse, Sezione, Scuola, Ordine, TipoScuola, Docente) VALUES ('9232383086', 'O', '5445814349', 1, 'quidem', 'vcaruso@example.com');
INSERT INTO Classe (IdClasse, Sezione, Scuola, Ordine, TipoScuola, Docente) VALUES ('9797519242', 'R', '7788610038', 1, 'omnis', 'gcollina@example.net');
INSERT INTO Classe (IdClasse, Sezione, Scuola, Ordine, TipoScuola, Docente) VALUES ('6506345654', 'l', '7788610038', 2, 'alias', 'camiscionedonatella@example.org');
INSERT INTO Classe (IdClasse, Sezione, Scuola, Ordine, TipoScuola, Docente) VALUES ('4681274763', 'Y', '328023826', 1, 'perspiciatis', 'cirorenzi@example.org');
INSERT INTO Classe (IdClasse, Sezione, Scuola, Ordine, TipoScuola, Docente) VALUES ('1415073424', 'w', '328023826', 1, 'reprehenderit', 'mario26@example.com');
INSERT INTO Classe (IdClasse, Sezione, Scuola, Ordine, TipoScuola, Docente) VALUES ('3440231164', 'd', '2234001973', 1, 'nobis', 'amadeopavarotti@example.org');
INSERT INTO Classe (IdClasse, Sezione, Scuola, Ordine, TipoScuola, Docente) VALUES ('5107751', 'A', '2234001973', 1, 'eligendi', 'sokolovgirolamo@example.net');
INSERT INTO Classe (IdClasse, Sezione, Scuola, Ordine, TipoScuola, Docente) VALUES ('4688505633', 'S', '2234001973', 2, 'doloribus', 'cturati@example.org');
INSERT INTO Classe (IdClasse, Sezione, Scuola, Ordine, TipoScuola, Docente) VALUES ('9350732316', 'i', '2234001973', 1, 'enim', 'marisapagnotto@example.com');
INSERT INTO Classe (IdClasse, Sezione, Scuola, Ordine, TipoScuola, Docente) VALUES ('460622201', 't', '2234001973', 2, 'culpa', 'slupo@example.org');
INSERT INTO Classe (IdClasse, Sezione, Scuola, Ordine, TipoScuola, Docente) VALUES ('6870052597', 'B', '2234001973', 1, 'quas', 'zmalipiero@example.org');
INSERT INTO Classe (IdClasse, Sezione, Scuola, Ordine, TipoScuola, Docente) VALUES ('2190414254', 'l', '2234001973', 1, 'occaecati', 'donatomonduzzi@example.com');
INSERT INTO Classe (IdClasse, Sezione, Scuola, Ordine, TipoScuola, Docente) VALUES ('3543063714', 'd', '2234001973', 1, 'exercitationem', 'slupo@example.org');
INSERT INTO Classe (IdClasse, Sezione, Scuola, Ordine, TipoScuola, Docente) VALUES ('9745707021', 'Q', '2234001973', 1, 'veniam', 'mario26@example.com');
INSERT INTO Specie (NomeScientifico, Substrato) VALUES ('consequatur', 'SuoloPreEsistente');
INSERT INTO Specie (NomeScientifico, Substrato) VALUES ('illum', 'SuoloPreEsistente');
INSERT INTO Specie (NomeScientifico, Substrato) VALUES ('labore', 'SuoloPreEsistente');
INSERT INTO Specie (NomeScientifico, Substrato) VALUES ('necessitatibus', 'TerriccioRinvaso');
INSERT INTO Specie (NomeScientifico, Substrato) VALUES ('itaque', 'TerriccioRinvaso');
INSERT INTO Specie (NomeScientifico, Substrato) VALUES ('animi', 'TerriccioRinvaso');
INSERT INTO Specie (NomeScientifico, Substrato) VALUES ('magnam', 'SuoloPreEsistente');
INSERT INTO Specie (NomeScientifico, Substrato) VALUES ('alias', 'SuoloPreEsistente');
INSERT INTO Specie (NomeScientifico, Substrato) VALUES ('expedita', 'TerriccioRinvaso');
INSERT INTO Specie (NomeScientifico, Substrato) VALUES ('porro', 'TerriccioRinvaso');
INSERT INTO Specie (NomeScientifico, Substrato) VALUES ('vitae', 'TerriccioRinvaso');
INSERT INTO Specie (NomeScientifico, Substrato) VALUES ('facere', 'SuoloPreEsistente');
INSERT INTO Specie (NomeScientifico, Substrato) VALUES ('consequuntur', 'SuoloPreEsistente');
INSERT INTO Specie (NomeScientifico, Substrato) VALUES ('sequi', 'SuoloPreEsistente');
INSERT INTO Specie (NomeScientifico, Substrato) VALUES ('voluptatum', 'SuoloPreEsistente');
INSERT INTO Specie (NomeScientifico, Substrato) VALUES ('provident', 'TerriccioRinvaso');
INSERT INTO Specie (NomeScientifico, Substrato) VALUES ('molestias', 'TerriccioRinvaso');
INSERT INTO Specie (NomeScientifico, Substrato) VALUES ('fugiat', 'SuoloPreEsistente');
INSERT INTO Specie (NomeScientifico, Substrato) VALUES ('voluptatibus', 'TerriccioRinvaso');
INSERT INTO Specie (NomeScientifico, Substrato) VALUES ('similique', 'TerriccioRinvaso');
INSERT INTO Specie (NomeScientifico, Substrato) VALUES ('maxime', 'TerriccioRinvaso');
INSERT INTO Specie (NomeScientifico, Substrato) VALUES ('facilis', 'TerriccioRinvaso');
INSERT INTO Specie (NomeScientifico, Substrato) VALUES ('velit', 'TerriccioRinvaso');
INSERT INTO Specie (NomeScientifico, Substrato) VALUES ('enim', 'SuoloPreEsistente');
INSERT INTO Specie (NomeScientifico, Substrato) VALUES ('commodi', 'SuoloPreEsistente');
INSERT INTO Specie (NomeScientifico, Substrato) VALUES ('explicabo', 'SuoloPreEsistente');
INSERT INTO Specie (NomeScientifico, Substrato) VALUES ('ex', 'SuoloPreEsistente');
INSERT INTO Specie (NomeScientifico, Substrato) VALUES ('aut', 'TerriccioRinvaso');
INSERT INTO Specie (NomeScientifico, Substrato) VALUES ('fuga', 'TerriccioRinvaso');
INSERT INTO Specie (NomeScientifico, Substrato) VALUES ('perferendis', 'SuoloPreEsistente');
INSERT INTO Specie (NomeScientifico, Substrato) VALUES ('numquam', 'TerriccioRinvaso');
INSERT INTO Specie (NomeScientifico, Substrato) VALUES ('perspiciatis', 'TerriccioRinvaso');
INSERT INTO Specie (NomeScientifico, Substrato) VALUES ('adipisci', 'SuoloPreEsistente');
INSERT INTO Specie (NomeScientifico, Substrato) VALUES ('at', 'TerriccioRinvaso');
INSERT INTO Specie (NomeScientifico, Substrato) VALUES ('sapiente', 'TerriccioRinvaso');
INSERT INTO Specie (NomeScientifico, Substrato) VALUES ('architecto', 'TerriccioRinvaso');
INSERT INTO Specie (NomeScientifico, Substrato) VALUES ('ab', 'SuoloPreEsistente');
INSERT INTO Specie (NomeScientifico, Substrato) VALUES ('laborum', 'SuoloPreEsistente');
INSERT INTO Specie (NomeScientifico, Substrato) VALUES ('repellendus', 'SuoloPreEsistente');
INSERT INTO Specie (NomeScientifico, Substrato) VALUES ('aliquam', 'TerriccioRinvaso');
INSERT INTO Specie (NomeScientifico, Substrato) VALUES ('mollitia', 'SuoloPreEsistente');
INSERT INTO Specie (NomeScientifico, Substrato) VALUES ('inventore', 'SuoloPreEsistente');
INSERT INTO Specie (NomeScientifico, Substrato) VALUES ('cum', 'TerriccioRinvaso');
INSERT INTO Specie (NomeScientifico, Substrato) VALUES ('sed', 'SuoloPreEsistente');
INSERT INTO Specie (NomeScientifico, Substrato) VALUES ('esse', 'TerriccioRinvaso');
INSERT INTO Specie (NomeScientifico, Substrato) VALUES ('vel', 'TerriccioRinvaso');
INSERT INTO Specie (NomeScientifico, Substrato) VALUES ('amet', 'SuoloPreEsistente');
INSERT INTO Specie (NomeScientifico, Substrato) VALUES ('non', 'TerriccioRinvaso');
INSERT INTO Specie (NomeScientifico, Substrato) VALUES ('fugit', 'TerriccioRinvaso');
INSERT INTO Specie (NomeScientifico, Substrato) VALUES ('tempora', 'SuoloPreEsistente');
INSERT INTO Orto (IdOrto, NomeOrto, Latitudine, Longitudine, Superficie, Posizione, CondizioneAmbientale, Specie, Scuola) VALUES ('9243658897', 'temporibus', '82.100274', '-147.328427', '32.10626860616867', 'Terra', 'Pulito', 'voluptatum', '8928627682');
INSERT INTO Orto (IdOrto, NomeOrto, Latitudine, Longitudine, Superficie, Posizione, CondizioneAmbientale, Specie, Scuola) VALUES ('5094649202', 'illum', '-47.1110915', '103.437999', '71.1517959200331', 'Vaso', 'Inquinato', 'aut', '2234001973');
INSERT INTO Orto (IdOrto, NomeOrto, Latitudine, Longitudine, Superficie, Posizione, CondizioneAmbientale, Specie, Scuola) VALUES ('1381142787', 'architecto', '61.7558685', '-93.237727', '2.568809973870476', 'Terra', 'Pulito', 'similique', '328023826');
INSERT INTO Orto (IdOrto, NomeOrto, Latitudine, Longitudine, Superficie, Posizione, CondizioneAmbientale, Specie, Scuola) VALUES ('6365512016', 'ex', '-40.204549', '128.885929', '97.11679760455003', 'Terra', 'Pulito', 'ex', '2234001973');
INSERT INTO Orto (IdOrto, NomeOrto, Latitudine, Longitudine, Superficie, Posizione, CondizioneAmbientale, Specie, Scuola) VALUES ('2546053265', 'sed', '-60.5951145', '122.738159', '97.1014546540981', 'Vaso', 'Inquinato', 'voluptatum', '5255827545');
INSERT INTO Orto (IdOrto, NomeOrto, Latitudine, Longitudine, Superficie, Posizione, CondizioneAmbientale, Specie, Scuola) VALUES ('624922394', 'nostrum', '-29.375446', '-4.488697', '40.32074295596466', 'Terra', 'Pulito', 'enim', '6911841143');
INSERT INTO Orto (IdOrto, NomeOrto, Latitudine, Longitudine, Superficie, Posizione, CondizioneAmbientale, Specie, Scuola) VALUES ('4455618491', 'voluptatum', '-86.854950', '-37.624935', '52.43597576634194', 'Vaso', 'Pulito', 'enim', '2234001973');
INSERT INTO Orto (IdOrto, NomeOrto, Latitudine, Longitudine, Superficie, Posizione, CondizioneAmbientale, Specie, Scuola) VALUES ('4019979065', 'dicta', '34.5614475', '56.212904', '1.552652561055448', 'Vaso', 'Inquinato', 'inventore', '4752709608');
INSERT INTO Orto (IdOrto, NomeOrto, Latitudine, Longitudine, Superficie, Posizione, CondizioneAmbientale, Specie, Scuola) VALUES ('2146006208', 'asperiores', '-26.7096305', '67.338756', '78.24917681789077', 'Terra', 'Pulito', 'tempora', '7788610038');
INSERT INTO Orto (IdOrto, NomeOrto, Latitudine, Longitudine, Superficie, Posizione, CondizioneAmbientale, Specie, Scuola) VALUES ('287367189', 'consequuntur', '69.2688085', '171.537437', '13.572802334551843', 'Vaso', 'Inquinato', 'illum', '8928627682');
INSERT INTO Orto (IdOrto, NomeOrto, Latitudine, Longitudine, Superficie, Posizione, CondizioneAmbientale, Specie, Scuola) VALUES ('7205514165', 'asperiores', '11.281353', '-118.424110', '21.985158039105357', 'Vaso', 'Pulito', 'sequi', '2234001973');
INSERT INTO Orto (IdOrto, NomeOrto, Latitudine, Longitudine, Superficie, Posizione, CondizioneAmbientale, Specie, Scuola) VALUES ('3621489779', 'error', '-8.9210855', '145.968331', '68.1794883554555', 'Vaso', 'Inquinato', 'facilis', '328023826');
INSERT INTO Orto (IdOrto, NomeOrto, Latitudine, Longitudine, Superficie, Posizione, CondizioneAmbientale, Specie, Scuola) VALUES ('4014570413', 'vero', '44.624987', '-167.753253', '91.0269713633654', 'Terra', 'Pulito', 'aliquam', '2757972759');
INSERT INTO Orto (IdOrto, NomeOrto, Latitudine, Longitudine, Superficie, Posizione, CondizioneAmbientale, Specie, Scuola) VALUES ('146005497', 'architecto', '62.6738155', '134.479896', '73.74321492704614', 'Terra', 'Inquinato', 'consequuntur', '2234001973');
INSERT INTO Orto (IdOrto, NomeOrto, Latitudine, Longitudine, Superficie, Posizione, CondizioneAmbientale, Specie, Scuola) VALUES ('6616227802', 'perferendis', '25.457797', '84.364272', '21.392822352296793', 'Terra', 'Pulito', 'maxime', '5255827545');
INSERT INTO Orto (IdOrto, NomeOrto, Latitudine, Longitudine, Superficie, Posizione, CondizioneAmbientale, Specie, Scuola) VALUES ('1681947595', 'praesentium', '8.169805', '-94.174677', '88.87810858366423', 'Terra', 'Pulito', 'cum', '3607350977');
INSERT INTO Orto (IdOrto, NomeOrto, Latitudine, Longitudine, Superficie, Posizione, CondizioneAmbientale, Specie, Scuola) VALUES ('4747263887', 'ad', '65.277633', '-108.071861', '3.8149037220847593', 'Vaso', 'Pulito', 'vitae', '7788610038');
INSERT INTO Orto (IdOrto, NomeOrto, Latitudine, Longitudine, Superficie, Posizione, CondizioneAmbientale, Specie, Scuola) VALUES ('9007757015', 'sed', '-75.0245195', '63.136267', '16.435740213202372', 'Vaso', 'Pulito', 'aliquam', '8928627682');
INSERT INTO Orto (IdOrto, NomeOrto, Latitudine, Longitudine, Superficie, Posizione, CondizioneAmbientale, Specie, Scuola) VALUES ('866575881', 'nam', '10.886208', '-137.059261', '37.35426796398324', 'Vaso', 'Inquinato', 'cum', '8928627682');
INSERT INTO Orto (IdOrto, NomeOrto, Latitudine, Longitudine, Superficie, Posizione, CondizioneAmbientale, Specie, Scuola) VALUES ('8214382196', 'dolorem', '-18.396743', '143.030779', '21.016299054341115', 'Vaso', 'Pulito', 'consequuntur', '5445814349');
INSERT INTO Orto (IdOrto, NomeOrto, Latitudine, Longitudine, Superficie, Posizione, CondizioneAmbientale, Specie, Scuola) VALUES ('2537024883', 'facere', '26.002575', '148.328642', '71.60867485048044', 'Terra', 'Inquinato', 'provident', '8928627682');
INSERT INTO Orto (IdOrto, NomeOrto, Latitudine, Longitudine, Superficie, Posizione, CondizioneAmbientale, Specie, Scuola) VALUES ('4937072488', 'eaque', '-22.001208', '6.887480', '8.612656684108435', 'Terra', 'Inquinato', 'fuga', '5255827545');
INSERT INTO Orto (IdOrto, NomeOrto, Latitudine, Longitudine, Superficie, Posizione, CondizioneAmbientale, Specie, Scuola) VALUES ('3548653277', 'minima', '16.748795', '63.143373', '56.07550435885088', 'Vaso', 'Pulito', 'repellendus', '6911841143');
INSERT INTO Orto (IdOrto, NomeOrto, Latitudine, Longitudine, Superficie, Posizione, CondizioneAmbientale, Specie, Scuola) VALUES ('2291319406', 'nemo', '-9.316520', '-78.070746', '44.00982008025655', 'Terra', 'Pulito', 'fugiat', '328023826');
INSERT INTO Orto (IdOrto, NomeOrto, Latitudine, Longitudine, Superficie, Posizione, CondizioneAmbientale, Specie, Scuola) VALUES ('1474860883', 'quisquam', '42.9320685', '130.024160', '5.208028420466017', 'Terra', 'Inquinato', 'molestias', '2234001973');
INSERT INTO Orto (IdOrto, NomeOrto, Latitudine, Longitudine, Superficie, Posizione, CondizioneAmbientale, Specie, Scuola) VALUES ('5652047205', 'explicabo', '-76.3700305', '124.804536', '35.798266212873386', 'Vaso', 'Pulito', 'labore', '7788610038');
INSERT INTO Orto (IdOrto, NomeOrto, Latitudine, Longitudine, Superficie, Posizione, CondizioneAmbientale, Specie, Scuola) VALUES ('8789207523', 'perferendis', '-89.973052', '-111.592537', '24.115469965846447', 'Terra', 'Pulito', 'expedita', '6911841143');
INSERT INTO Orto (IdOrto, NomeOrto, Latitudine, Longitudine, Superficie, Posizione, CondizioneAmbientale, Specie, Scuola) VALUES ('4082797995', 'et', '-10.4171405', '91.076449', '79.15871215131503', 'Terra', 'Pulito', 'inventore', '3607350977');
INSERT INTO Orto (IdOrto, NomeOrto, Latitudine, Longitudine, Superficie, Posizione, CondizioneAmbientale, Specie, Scuola) VALUES ('6735845327', 'nostrum', '-81.6179345', '-119.082197', '22.056675410128854', 'Vaso', 'Pulito', 'adipisci', '5445814349');
INSERT INTO Orto (IdOrto, NomeOrto, Latitudine, Longitudine, Superficie, Posizione, CondizioneAmbientale, Specie, Scuola) VALUES ('6255058537', 'earum', '-47.2380735', '-93.528032', '29.90390914663412', 'Terra', 'Inquinato', 'repellendus', '6911841143');
INSERT INTO Pianta (NumeroReplica, NomeComune, Scopo, DataMessaDimora, Specie, Classe) VALUES ('7359101057', 'qui', 'Fitobotanica', '1983-01-12', 'aliquam', '9350732316');
INSERT INTO Pianta (NumeroReplica, NomeComune, Scopo, DataMessaDimora, Specie, Classe) VALUES ('2014371454', 'inventore', 'Fitobotanica', '1995-04-27', 'architecto', '6870052597');
INSERT INTO Pianta (NumeroReplica, NomeComune, Scopo, DataMessaDimora, Specie, Classe) VALUES ('8342799383', 'fuga', 'Biomonitoraggio', '2020-05-18', 'sequi', '1806216347');
INSERT INTO Pianta (NumeroReplica, NomeComune, Scopo, DataMessaDimora, Specie, Classe) VALUES ('7597608396', 'cumque', 'Fitobotanica', '1972-09-22', 'repellendus', '9368372611');
INSERT INTO Pianta (NumeroReplica, NomeComune, Scopo, DataMessaDimora, Specie, Classe) VALUES ('1385066217', 'veniam', 'Biomonitoraggio', '1994-03-26', 'facilis', '9797519242');
INSERT INTO Pianta (NumeroReplica, NomeComune, Scopo, DataMessaDimora, Specie, Classe) VALUES ('3667314685', 'pariatur', 'Biomonitoraggio', '1972-06-20', 'cum', '1806216347');
INSERT INTO Pianta (NumeroReplica, NomeComune, Scopo, DataMessaDimora, Specie, Classe) VALUES ('736875773', 'asperiores', 'Fitobotanica', '2010-08-25', 'expedita', '1806216347');
INSERT INTO Pianta (NumeroReplica, NomeComune, Scopo, DataMessaDimora, Specie, Classe) VALUES ('2659651227', 'ut', 'Fitobotanica', '1971-03-18', 'sed', '9797519242');
INSERT INTO Pianta (NumeroReplica, NomeComune, Scopo, DataMessaDimora, Specie, Classe) VALUES ('3885981395', 'dolorum', 'Fitobotanica', '2004-09-22', 'ex', '5107751');
INSERT INTO Pianta (NumeroReplica, NomeComune, Scopo, DataMessaDimora, Specie, Classe) VALUES ('3916926435', 'illo', 'Biomonitoraggio', '1997-05-02', 'vel', '1415073424');
INSERT INTO Pianta (NumeroReplica, NomeComune, Scopo, DataMessaDimora, Specie, Classe) VALUES ('2878749522', 'deserunt', 'Fitobotanica', '2003-01-06', 'mollitia', '1415073424');
INSERT INTO Pianta (NumeroReplica, NomeComune, Scopo, DataMessaDimora, Specie, Classe) VALUES ('4971469876', 'pariatur', 'Biomonitoraggio', '1982-01-02', 'maxime', '9350732316');
INSERT INTO Pianta (NumeroReplica, NomeComune, Scopo, DataMessaDimora, Specie, Classe) VALUES ('7154671491', 'itaque', 'Fitobotanica', '1991-10-15', 'animi', '1415073424');
INSERT INTO Pianta (NumeroReplica, NomeComune, Scopo, DataMessaDimora, Specie, Classe) VALUES ('3655271294', 'atque', 'Fitobotanica', '2011-01-02', 'perspiciatis', '1415073424');
INSERT INTO Pianta (NumeroReplica, NomeComune, Scopo, DataMessaDimora, Specie, Classe) VALUES ('7515835196', 'distinctio', 'Fitobotanica', '1998-03-12', 'consequatur', '9232383086');
INSERT INTO Pianta (NumeroReplica, NomeComune, Scopo, DataMessaDimora, Specie, Classe) VALUES ('7295721135', 'repellendus', 'Fitobotanica', '1982-05-14', 'mollitia', '4688505633');
INSERT INTO Pianta (NumeroReplica, NomeComune, Scopo, DataMessaDimora, Specie, Classe) VALUES ('365123812', 'dolor', 'Fitobotanica', '2005-11-26', 'perferendis', '4681274763');
INSERT INTO Pianta (NumeroReplica, NomeComune, Scopo, DataMessaDimora, Specie, Classe) VALUES ('5593104813', 'debitis', 'Biomonitoraggio', '2018-10-14', 'velit', '460622201');
INSERT INTO Pianta (NumeroReplica, NomeComune, Scopo, DataMessaDimora, Specie, Classe) VALUES ('7619400798', 'sunt', 'Fitobotanica', '2000-08-18', 'voluptatum', '9232383086');
INSERT INTO Pianta (NumeroReplica, NomeComune, Scopo, DataMessaDimora, Specie, Classe) VALUES ('4659307731', 'recusandae', 'Fitobotanica', '1986-04-16', 'numquam', '9232383086');
INSERT INTO Pianta (NumeroReplica, NomeComune, Scopo, DataMessaDimora, Specie, Classe) VALUES ('2359146153', 'perspiciatis', 'Biomonitoraggio', '1990-04-10', 'porro', '9745707021');
INSERT INTO Pianta (NumeroReplica, NomeComune, Scopo, DataMessaDimora, Specie, Classe) VALUES ('1252610721', 'perferendis', 'Fitobotanica', '2018-04-06', 'non', '6870052597');
INSERT INTO Pianta (NumeroReplica, NomeComune, Scopo, DataMessaDimora, Specie, Classe) VALUES ('977839967', 'harum', 'Fitobotanica', '2014-10-30', 'amet', '9745707021');
INSERT INTO Pianta (NumeroReplica, NomeComune, Scopo, DataMessaDimora, Specie, Classe) VALUES ('4002876082', 'ullam', 'Fitobotanica', '1993-07-05', 'fuga', '6506345654');
INSERT INTO Pianta (NumeroReplica, NomeComune, Scopo, DataMessaDimora, Specie, Classe) VALUES ('5552050767', 'saepe', 'Fitobotanica', '1985-07-18', 'similique', '1806216347');
INSERT INTO Pianta (NumeroReplica, NomeComune, Scopo, DataMessaDimora, Specie, Classe) VALUES ('5329821744', 'minus', 'Biomonitoraggio', '1972-09-12', 'numquam', '4681274763');
INSERT INTO Pianta (NumeroReplica, NomeComune, Scopo, DataMessaDimora, Specie, Classe) VALUES ('5929943232', 'ab', 'Biomonitoraggio', '2009-11-20', 'at', '9797519242');
INSERT INTO Pianta (NumeroReplica, NomeComune, Scopo, DataMessaDimora, Specie, Classe) VALUES ('6654486125', 'in', 'Biomonitoraggio', '1979-04-25', 'amet', '3602167303');
INSERT INTO Pianta (NumeroReplica, NomeComune, Scopo, DataMessaDimora, Specie, Classe) VALUES ('7165212729', 'eligendi', 'Fitobotanica', '1996-06-10', 'cum', '9675059021');
INSERT INTO Pianta (NumeroReplica, NomeComune, Scopo, DataMessaDimora, Specie, Classe) VALUES ('4212616974', 'similique', 'Fitobotanica', '2005-10-03', 'ab', '4688505633');
INSERT INTO Pianta (NumeroReplica, NomeComune, Scopo, DataMessaDimora, Specie, Classe) VALUES ('142600015', 'voluptate', 'Fitobotanica', '1985-07-19', 'alias', '1312106205');
INSERT INTO Pianta (NumeroReplica, NomeComune, Scopo, DataMessaDimora, Specie, Classe) VALUES ('1862136906', 'hic', 'Biomonitoraggio', '1976-03-14', 'ex', '1806216347');
INSERT INTO Pianta (NumeroReplica, NomeComune, Scopo, DataMessaDimora, Specie, Classe) VALUES ('6516980410', 'expedita', 'Fitobotanica', '1983-08-10', 'commodi', '4681274763');
INSERT INTO Pianta (NumeroReplica, NomeComune, Scopo, DataMessaDimora, Specie, Classe) VALUES ('3728043229', 'repellat', 'Fitobotanica', '1977-02-14', 'provident', '1415073424');
INSERT INTO Pianta (NumeroReplica, NomeComune, Scopo, DataMessaDimora, Specie, Classe) VALUES ('4176371774', 'fugiat', 'Biomonitoraggio', '1972-09-26', 'voluptatum', '9797519242');
INSERT INTO Pianta (NumeroReplica, NomeComune, Scopo, DataMessaDimora, Specie, Classe) VALUES ('4013081670', 'exercitationem', 'Biomonitoraggio', '2002-03-27', 'voluptatibus', '6870052597');
INSERT INTO Pianta (NumeroReplica, NomeComune, Scopo, DataMessaDimora, Specie, Classe) VALUES ('7642839093', 'ratione', 'Biomonitoraggio', '2018-07-31', 'consequuntur', '5107751');
INSERT INTO Pianta (NumeroReplica, NomeComune, Scopo, DataMessaDimora, Specie, Classe) VALUES ('6330487934', 'reiciendis', 'Fitobotanica', '1990-09-10', 'sapiente', '3543063714');
INSERT INTO Pianta (NumeroReplica, NomeComune, Scopo, DataMessaDimora, Specie, Classe) VALUES ('4560064968', 'quisquam', 'Biomonitoraggio', '1972-10-24', 'voluptatibus', '6506345654');
INSERT INTO Pianta (NumeroReplica, NomeComune, Scopo, DataMessaDimora, Specie, Classe) VALUES ('1307133256', 'impedit', 'Fitobotanica', '1991-03-13', 'explicabo', '9232383086');
INSERT INTO Pianta (NumeroReplica, NomeComune, Scopo, DataMessaDimora, Specie, Classe) VALUES ('1830691975', 'sapiente', 'Fitobotanica', '1976-04-16', 'sapiente', '9797519242');
INSERT INTO Pianta (NumeroReplica, NomeComune, Scopo, DataMessaDimora, Specie, Classe) VALUES ('4390482768', 'libero', 'Fitobotanica', '1983-03-13', 'perferendis', '9350732316');
INSERT INTO Pianta (NumeroReplica, NomeComune, Scopo, DataMessaDimora, Specie, Classe) VALUES ('1436210892', 'recusandae', 'Fitobotanica', '1992-11-10', 'porro', '9675059021');
INSERT INTO Pianta (NumeroReplica, NomeComune, Scopo, DataMessaDimora, Specie, Classe) VALUES ('1245618421', 'numquam', 'Biomonitoraggio', '2001-04-21', 'sed', '4681274763');
INSERT INTO Pianta (NumeroReplica, NomeComune, Scopo, DataMessaDimora, Specie, Classe) VALUES ('9343235096', 'vitae', 'Fitobotanica', '2010-09-06', 'esse', '1312106205');
INSERT INTO Pianta (NumeroReplica, NomeComune, Scopo, DataMessaDimora, Specie, Classe) VALUES ('3771308945', 'neque', 'Biomonitoraggio', '1986-02-17', 'velit', '9232383086');
INSERT INTO Pianta (NumeroReplica, NomeComune, Scopo, DataMessaDimora, Specie, Classe) VALUES ('7364821504', 'quasi', 'Fitobotanica', '1996-05-10', 'fuga', '9675059021');
INSERT INTO Pianta (NumeroReplica, NomeComune, Scopo, DataMessaDimora, Specie, Classe) VALUES ('7086396651', 'magni', 'Biomonitoraggio', '1992-11-27', 'alias', '4688505633');
INSERT INTO Pianta (NumeroReplica, NomeComune, Scopo, DataMessaDimora, Specie, Classe) VALUES ('8134885140', 'accusantium', 'Fitobotanica', '1993-02-02', 'expedita', '9797519242');
INSERT INTO Pianta (NumeroReplica, NomeComune, Scopo, DataMessaDimora, Specie, Classe) VALUES ('2566308102', 'illum', 'Fitobotanica', '1976-02-10', 'perspiciatis', '460622201');
INSERT INTO Pianta (NumeroReplica, NomeComune, Scopo, DataMessaDimora, Specie, Classe) VALUES ('7865130808', 'et', 'Fitobotanica', '1998-12-24', 'molestias', '5107751');
INSERT INTO Pianta (NumeroReplica, NomeComune, Scopo, DataMessaDimora, Specie, Classe) VALUES ('9340173894', 'veniam', 'Fitobotanica', '1979-01-13', 'ab', '9350732316');
INSERT INTO Pianta (NumeroReplica, NomeComune, Scopo, DataMessaDimora, Specie, Classe) VALUES ('8637665597', 'doloremque', 'Fitobotanica', '1978-12-28', 'ab', '9675059021');
INSERT INTO Pianta (NumeroReplica, NomeComune, Scopo, DataMessaDimora, Specie, Classe) VALUES ('1036589025', 'repellat', 'Biomonitoraggio', '2002-07-02', 'expedita', '3543063714');
INSERT INTO Pianta (NumeroReplica, NomeComune, Scopo, DataMessaDimora, Specie, Classe) VALUES ('7809479875', 'nulla', 'Fitobotanica', '2015-09-28', 'illum', '9745707021');
INSERT INTO Pianta (NumeroReplica, NomeComune, Scopo, DataMessaDimora, Specie, Classe) VALUES ('9512235294', 'veniam', 'Fitobotanica', '2007-10-02', 'mollitia', '2190414254');
INSERT INTO Pianta (NumeroReplica, NomeComune, Scopo, DataMessaDimora, Specie, Classe) VALUES ('6653572624', 'sequi', 'Biomonitoraggio', '1979-12-26', 'necessitatibus', '1806216347');
INSERT INTO Pianta (NumeroReplica, NomeComune, Scopo, DataMessaDimora, Specie, Classe) VALUES ('5256756079', 'quibusdam', 'Biomonitoraggio', '1972-11-14', 'inventore', '1312106205');
INSERT INTO Pianta (NumeroReplica, NomeComune, Scopo, DataMessaDimora, Specie, Classe) VALUES ('4749940426', 'eius', 'Biomonitoraggio', '2017-12-28', 'aliquam', '4688505633');
INSERT INTO Pianta (NumeroReplica, NomeComune, Scopo, DataMessaDimora, Specie, Classe) VALUES ('1570940168', 'non', 'Biomonitoraggio', '1970-04-12', 'molestias', '9350732316');
INSERT INTO Pianta (NumeroReplica, NomeComune, Scopo, DataMessaDimora, Specie, Classe) VALUES ('8742711791', 'facilis', 'Biomonitoraggio', '2005-11-08', 'explicabo', '1312106205');
INSERT INTO Pianta (NumeroReplica, NomeComune, Scopo, DataMessaDimora, Specie, Classe) VALUES ('7840339935', 'aperiam', 'Biomonitoraggio', '2006-10-27', 'aliquam', '3602167303');
INSERT INTO Pianta (NumeroReplica, NomeComune, Scopo, DataMessaDimora, Specie, Classe) VALUES ('236007124', 'molestiae', 'Fitobotanica', '1971-10-05', 'itaque', '9368372611');
INSERT INTO Pianta (NumeroReplica, NomeComune, Scopo, DataMessaDimora, Specie, Classe) VALUES ('2276045871', 'sit', 'Biomonitoraggio', '2004-04-01', 'animi', '6506345654');
INSERT INTO Pianta (NumeroReplica, NomeComune, Scopo, DataMessaDimora, Specie, Classe) VALUES ('1354704196', 'voluptatem', 'Biomonitoraggio', '2001-11-21', 'fuga', '1415073424');
INSERT INTO Pianta (NumeroReplica, NomeComune, Scopo, DataMessaDimora, Specie, Classe) VALUES ('1568221913', 'officia', 'Biomonitoraggio', '1976-05-24', 'illum', '1312106205');
INSERT INTO Pianta (NumeroReplica, NomeComune, Scopo, DataMessaDimora, Specie, Classe) VALUES ('7446233437', 'quo', 'Biomonitoraggio', '2012-03-05', 'sequi', '4688505633');
INSERT INTO Pianta (NumeroReplica, NomeComune, Scopo, DataMessaDimora, Specie, Classe) VALUES ('5259172742', 'suscipit', 'Biomonitoraggio', '1983-03-27', 'sed', '3543063714');
INSERT INTO Pianta (NumeroReplica, NomeComune, Scopo, DataMessaDimora, Specie, Classe) VALUES ('3638792539', 'commodi', 'Fitobotanica', '2018-12-06', 'commodi', '1415073424');
INSERT INTO Pianta (NumeroReplica, NomeComune, Scopo, DataMessaDimora, Specie, Classe) VALUES ('3755267935', 'ullam', 'Biomonitoraggio', '2016-03-26', 'fugit', '3602167303');
INSERT INTO Pianta (NumeroReplica, NomeComune, Scopo, DataMessaDimora, Specie, Classe) VALUES ('3706817637', 'fuga', 'Biomonitoraggio', '2003-11-22', 'maxime', '6870052597');
INSERT INTO Pianta (NumeroReplica, NomeComune, Scopo, DataMessaDimora, Specie, Classe) VALUES ('366733261', 'quod', 'Fitobotanica', '2009-04-08', 'expedita', '3543063714');
INSERT INTO Pianta (NumeroReplica, NomeComune, Scopo, DataMessaDimora, Specie, Classe) VALUES ('8846330308', 'atque', 'Fitobotanica', '1984-03-19', 'numquam', '3543063714');
INSERT INTO Pianta (NumeroReplica, NomeComune, Scopo, DataMessaDimora, Specie, Classe) VALUES ('4676546451', 'cumque', 'Biomonitoraggio', '2002-11-11', 'sequi', '2190414254');
INSERT INTO Pianta (NumeroReplica, NomeComune, Scopo, DataMessaDimora, Specie, Classe) VALUES ('2884527823', 'nemo', 'Biomonitoraggio', '2000-12-10', 'at', '6506345654');
INSERT INTO Pianta (NumeroReplica, NomeComune, Scopo, DataMessaDimora, Specie, Classe) VALUES ('4524466563', 'autem', 'Fitobotanica', '2009-08-03', 'fugiat', '9745707021');
INSERT INTO Pianta (NumeroReplica, NomeComune, Scopo, DataMessaDimora, Specie, Classe) VALUES ('9265827532', 'repudiandae', 'Fitobotanica', '2015-11-17', 'fugit', '3543063714');
INSERT INTO Pianta (NumeroReplica, NomeComune, Scopo, DataMessaDimora, Specie, Classe) VALUES ('3205613320', 'non', 'Fitobotanica', '2009-01-21', 'sapiente', '1312106205');
INSERT INTO Pianta (NumeroReplica, NomeComune, Scopo, DataMessaDimora, Specie, Classe) VALUES ('1150134723', 'ipsa', 'Fitobotanica', '1994-09-11', 'inventore', '460622201');
INSERT INTO Pianta (NumeroReplica, NomeComune, Scopo, DataMessaDimora, Specie, Classe) VALUES ('6228819925', 'voluptatibus', 'Biomonitoraggio', '1978-07-10', 'voluptatibus', '2190414254');
INSERT INTO Pianta (NumeroReplica, NomeComune, Scopo, DataMessaDimora, Specie, Classe) VALUES ('2261790033', 'assumenda', 'Fitobotanica', '2019-07-22', 'mollitia', '9675059021');
INSERT INTO Pianta (NumeroReplica, NomeComune, Scopo, DataMessaDimora, Specie, Classe) VALUES ('6214765973', 'aut', 'Biomonitoraggio', '2020-12-29', 'illum', '6870052597');
INSERT INTO Pianta (NumeroReplica, NomeComune, Scopo, DataMessaDimora, Specie, Classe) VALUES ('7318549182', 'aliquam', 'Fitobotanica', '1981-10-22', 'voluptatum', '1806216347');
INSERT INTO Pianta (NumeroReplica, NomeComune, Scopo, DataMessaDimora, Specie, Classe) VALUES ('4413147343', 'animi', 'Biomonitoraggio', '2018-06-06', 'animi', '9745707021');
INSERT INTO Pianta (NumeroReplica, NomeComune, Scopo, DataMessaDimora, Specie, Classe) VALUES ('6957018407', 'quisquam', 'Biomonitoraggio', '1995-04-15', 'vitae', '2190414254');
INSERT INTO Pianta (NumeroReplica, NomeComune, Scopo, DataMessaDimora, Specie, Classe) VALUES ('7841833670', 'praesentium', 'Fitobotanica', '2009-10-15', 'illum', '1415073424');
INSERT INTO Pianta (NumeroReplica, NomeComune, Scopo, DataMessaDimora, Specie, Classe) VALUES ('5723107216', 'doloribus', 'Fitobotanica', '1998-04-10', 'perspiciatis', '9797519242');
INSERT INTO Pianta (NumeroReplica, NomeComune, Scopo, DataMessaDimora, Specie, Classe) VALUES ('4580971691', 'sit', 'Biomonitoraggio', '2011-07-19', 'consequuntur', '9797519242');
INSERT INTO Pianta (NumeroReplica, NomeComune, Scopo, DataMessaDimora, Specie, Classe) VALUES ('4232805077', 'exercitationem', 'Biomonitoraggio', '2005-01-14', 'vitae', '9232383086');
INSERT INTO Pianta (NumeroReplica, NomeComune, Scopo, DataMessaDimora, Specie, Classe) VALUES ('6411727366', 'quia', 'Biomonitoraggio', '1997-12-29', 'facere', '9368372611');
INSERT INTO Pianta (NumeroReplica, NomeComune, Scopo, DataMessaDimora, Specie, Classe) VALUES ('2073340856', 'facilis', 'Fitobotanica', '2023-01-08', 'ex', '4688505633');
INSERT INTO Pianta (NumeroReplica, NomeComune, Scopo, DataMessaDimora, Specie, Classe) VALUES ('8046504845', 'voluptatum', 'Biomonitoraggio', '1976-06-28', 'adipisci', '3440231164');
INSERT INTO Pianta (NumeroReplica, NomeComune, Scopo, DataMessaDimora, Specie, Classe) VALUES ('7511899254', 'nam', 'Fitobotanica', '2016-08-30', 'facere', '1806216347');
INSERT INTO Pianta (NumeroReplica, NomeComune, Scopo, DataMessaDimora, Specie, Classe) VALUES ('8721555380', 'suscipit', 'Biomonitoraggio', '2010-02-28', 'labore', '4681274763');
INSERT INTO Pianta (NumeroReplica, NomeComune, Scopo, DataMessaDimora, Specie, Classe) VALUES ('5257991111', 'blanditiis', 'Fitobotanica', '1982-05-09', 'ab', '4688505633');
INSERT INTO Pianta (NumeroReplica, NomeComune, Scopo, DataMessaDimora, Specie, Classe) VALUES ('8674074449', 'quaerat', 'Fitobotanica', '2013-06-26', 'sequi', '9675059021');
INSERT INTO Pianta (NumeroReplica, NomeComune, Scopo, DataMessaDimora, Specie, Classe) VALUES ('9642967075', 'ex', 'Biomonitoraggio', '2016-06-04', 'perferendis', '1415073424');
INSERT INTO Pianta (NumeroReplica, NomeComune, Scopo, DataMessaDimora, Specie, Classe) VALUES ('8513352556', 'necessitatibus', 'Fitobotanica', '1975-03-11', 'commodi', '5107751');
INSERT INTO Pianta (NumeroReplica, NomeComune, Scopo, DataMessaDimora, Specie, Classe) VALUES ('7858960256', 'incidunt', 'Fitobotanica', '1977-09-27', 'numquam', '1806216347');
INSERT INTO Pianta (NumeroReplica, NomeComune, Scopo, DataMessaDimora, Specie, Classe) VALUES ('1889779714', 'deserunt', 'Biomonitoraggio', '2019-04-10', 'adipisci', '9368372611');
INSERT INTO Esposizione (NumeroReplica, NomeComune, TipoEsposizione) VALUES ('7359101057', 'qui', 'Sole');
INSERT INTO Esposizione (NumeroReplica, NomeComune, TipoEsposizione) VALUES ('2014371454', 'inventore', 'Sole');
INSERT INTO Esposizione (NumeroReplica, NomeComune, TipoEsposizione) VALUES ('8342799383', 'fuga', 'Sole');
INSERT INTO Esposizione (NumeroReplica, NomeComune, TipoEsposizione) VALUES ('7597608396', 'cumque', 'Ombra');
INSERT INTO Esposizione (NumeroReplica, NomeComune, TipoEsposizione) VALUES ('1385066217', 'veniam', 'Mezzombra');
INSERT INTO Esposizione (NumeroReplica, NomeComune, TipoEsposizione) VALUES ('3667314685', 'pariatur', 'Ombra');
INSERT INTO Esposizione (NumeroReplica, NomeComune, TipoEsposizione) VALUES ('736875773', 'asperiores', 'Sole');
INSERT INTO Esposizione (NumeroReplica, NomeComune, TipoEsposizione) VALUES ('2659651227', 'ut', 'Ombra');
INSERT INTO Esposizione (NumeroReplica, NomeComune, TipoEsposizione) VALUES ('3885981395', 'dolorum', 'Mezzombra');
INSERT INTO Esposizione (NumeroReplica, NomeComune, TipoEsposizione) VALUES ('3916926435', 'illo', 'Sole');
INSERT INTO Esposizione (NumeroReplica, NomeComune, TipoEsposizione) VALUES ('2878749522', 'deserunt', 'Sole');
INSERT INTO Esposizione (NumeroReplica, NomeComune, TipoEsposizione) VALUES ('4971469876', 'pariatur', 'Ombra');
INSERT INTO Esposizione (NumeroReplica, NomeComune, TipoEsposizione) VALUES ('7154671491', 'itaque', 'Mezzombra');
INSERT INTO Esposizione (NumeroReplica, NomeComune, TipoEsposizione) VALUES ('3655271294', 'atque', 'Ombra');
INSERT INTO Esposizione (NumeroReplica, NomeComune, TipoEsposizione) VALUES ('7515835196', 'distinctio', 'Ombra');
INSERT INTO Esposizione (NumeroReplica, NomeComune, TipoEsposizione) VALUES ('7295721135', 'repellendus', 'Mezzombra');
INSERT INTO Esposizione (NumeroReplica, NomeComune, TipoEsposizione) VALUES ('365123812', 'dolor', 'Sole');
INSERT INTO Esposizione (NumeroReplica, NomeComune, TipoEsposizione) VALUES ('5593104813', 'debitis', 'Mezzombra');
INSERT INTO Esposizione (NumeroReplica, NomeComune, TipoEsposizione) VALUES ('7619400798', 'sunt', 'Ombra');
INSERT INTO Esposizione (NumeroReplica, NomeComune, TipoEsposizione) VALUES ('4659307731', 'recusandae', 'Ombra');
INSERT INTO Esposizione (NumeroReplica, NomeComune, TipoEsposizione) VALUES ('2359146153', 'perspiciatis', 'Sole');
INSERT INTO Esposizione (NumeroReplica, NomeComune, TipoEsposizione) VALUES ('1252610721', 'perferendis', 'Mezzombra');
INSERT INTO Esposizione (NumeroReplica, NomeComune, TipoEsposizione) VALUES ('977839967', 'harum', 'Sole');
INSERT INTO Esposizione (NumeroReplica, NomeComune, TipoEsposizione) VALUES ('4002876082', 'ullam', 'Sole');
INSERT INTO Esposizione (NumeroReplica, NomeComune, TipoEsposizione) VALUES ('5552050767', 'saepe', 'Mezzombra');
INSERT INTO Esposizione (NumeroReplica, NomeComune, TipoEsposizione) VALUES ('5329821744', 'minus', 'Ombra');
INSERT INTO Esposizione (NumeroReplica, NomeComune, TipoEsposizione) VALUES ('5929943232', 'ab', 'Ombra');
INSERT INTO Esposizione (NumeroReplica, NomeComune, TipoEsposizione) VALUES ('6654486125', 'in', 'Ombra');
INSERT INTO Esposizione (NumeroReplica, NomeComune, TipoEsposizione) VALUES ('7165212729', 'eligendi', 'Sole');
INSERT INTO Esposizione (NumeroReplica, NomeComune, TipoEsposizione) VALUES ('4212616974', 'similique', 'Sole');
INSERT INTO Esposizione (NumeroReplica, NomeComune, TipoEsposizione) VALUES ('142600015', 'voluptate', 'Sole');
INSERT INTO Esposizione (NumeroReplica, NomeComune, TipoEsposizione) VALUES ('1862136906', 'hic', 'Sole');
INSERT INTO Esposizione (NumeroReplica, NomeComune, TipoEsposizione) VALUES ('6516980410', 'expedita', 'Mezzombra');
INSERT INTO Esposizione (NumeroReplica, NomeComune, TipoEsposizione) VALUES ('3728043229', 'repellat', 'Sole');
INSERT INTO Esposizione (NumeroReplica, NomeComune, TipoEsposizione) VALUES ('4176371774', 'fugiat', 'Ombra');
INSERT INTO Esposizione (NumeroReplica, NomeComune, TipoEsposizione) VALUES ('4013081670', 'exercitationem', 'Sole');
INSERT INTO Esposizione (NumeroReplica, NomeComune, TipoEsposizione) VALUES ('7642839093', 'ratione', 'Ombra');
INSERT INTO Esposizione (NumeroReplica, NomeComune, TipoEsposizione) VALUES ('6330487934', 'reiciendis', 'Ombra');
INSERT INTO Esposizione (NumeroReplica, NomeComune, TipoEsposizione) VALUES ('4560064968', 'quisquam', 'Ombra');
INSERT INTO Esposizione (NumeroReplica, NomeComune, TipoEsposizione) VALUES ('1307133256', 'impedit', 'Sole');
INSERT INTO Esposizione (NumeroReplica, NomeComune, TipoEsposizione) VALUES ('1830691975', 'sapiente', 'Mezzombra');
INSERT INTO Esposizione (NumeroReplica, NomeComune, TipoEsposizione) VALUES ('4390482768', 'libero', 'Sole');
INSERT INTO Esposizione (NumeroReplica, NomeComune, TipoEsposizione) VALUES ('1436210892', 'recusandae', 'Sole');
INSERT INTO Esposizione (NumeroReplica, NomeComune, TipoEsposizione) VALUES ('1245618421', 'numquam', 'Mezzombra');
INSERT INTO Esposizione (NumeroReplica, NomeComune, TipoEsposizione) VALUES ('9343235096', 'vitae', 'Ombra');
INSERT INTO Esposizione (NumeroReplica, NomeComune, TipoEsposizione) VALUES ('3771308945', 'neque', 'Sole');
INSERT INTO Esposizione (NumeroReplica, NomeComune, TipoEsposizione) VALUES ('7364821504', 'quasi', 'Sole');
INSERT INTO Esposizione (NumeroReplica, NomeComune, TipoEsposizione) VALUES ('7086396651', 'magni', 'Ombra');
INSERT INTO Esposizione (NumeroReplica, NomeComune, TipoEsposizione) VALUES ('8134885140', 'accusantium', 'Mezzombra');
INSERT INTO Esposizione (NumeroReplica, NomeComune, TipoEsposizione) VALUES ('2566308102', 'illum', 'Sole');
INSERT INTO Esposizione (NumeroReplica, NomeComune, TipoEsposizione) VALUES ('7865130808', 'et', 'Mezzombra');
INSERT INTO Esposizione (NumeroReplica, NomeComune, TipoEsposizione) VALUES ('9340173894', 'veniam', 'Mezzombra');
INSERT INTO Esposizione (NumeroReplica, NomeComune, TipoEsposizione) VALUES ('8637665597', 'doloremque', 'Ombra');
INSERT INTO Esposizione (NumeroReplica, NomeComune, TipoEsposizione) VALUES ('1036589025', 'repellat', 'Sole');
INSERT INTO Esposizione (NumeroReplica, NomeComune, TipoEsposizione) VALUES ('7809479875', 'nulla', 'Ombra');
INSERT INTO Esposizione (NumeroReplica, NomeComune, TipoEsposizione) VALUES ('9512235294', 'veniam', 'Sole');
INSERT INTO Esposizione (NumeroReplica, NomeComune, TipoEsposizione) VALUES ('6653572624', 'sequi', 'Mezzombra');
INSERT INTO Esposizione (NumeroReplica, NomeComune, TipoEsposizione) VALUES ('5256756079', 'quibusdam', 'Sole');
INSERT INTO Esposizione (NumeroReplica, NomeComune, TipoEsposizione) VALUES ('4749940426', 'eius', 'Mezzombra');
INSERT INTO Esposizione (NumeroReplica, NomeComune, TipoEsposizione) VALUES ('1570940168', 'non', 'Ombra');
INSERT INTO Esposizione (NumeroReplica, NomeComune, TipoEsposizione) VALUES ('8742711791', 'facilis', 'Ombra');
INSERT INTO Esposizione (NumeroReplica, NomeComune, TipoEsposizione) VALUES ('7840339935', 'aperiam', 'Ombra');
INSERT INTO Esposizione (NumeroReplica, NomeComune, TipoEsposizione) VALUES ('236007124', 'molestiae', 'Mezzombra');
INSERT INTO Esposizione (NumeroReplica, NomeComune, TipoEsposizione) VALUES ('2276045871', 'sit', 'Mezzombra');
INSERT INTO Esposizione (NumeroReplica, NomeComune, TipoEsposizione) VALUES ('1354704196', 'voluptatem', 'Ombra');
INSERT INTO Esposizione (NumeroReplica, NomeComune, TipoEsposizione) VALUES ('1568221913', 'officia', 'Mezzombra');
INSERT INTO Esposizione (NumeroReplica, NomeComune, TipoEsposizione) VALUES ('7446233437', 'quo', 'Sole');
INSERT INTO Esposizione (NumeroReplica, NomeComune, TipoEsposizione) VALUES ('5259172742', 'suscipit', 'Ombra');
INSERT INTO Esposizione (NumeroReplica, NomeComune, TipoEsposizione) VALUES ('3638792539', 'commodi', 'Sole');
INSERT INTO Esposizione (NumeroReplica, NomeComune, TipoEsposizione) VALUES ('3755267935', 'ullam', 'Sole');
INSERT INTO Esposizione (NumeroReplica, NomeComune, TipoEsposizione) VALUES ('3706817637', 'fuga', 'Mezzombra');
INSERT INTO Esposizione (NumeroReplica, NomeComune, TipoEsposizione) VALUES ('366733261', 'quod', 'Ombra');
INSERT INTO Esposizione (NumeroReplica, NomeComune, TipoEsposizione) VALUES ('8846330308', 'atque', 'Mezzombra');
INSERT INTO Esposizione (NumeroReplica, NomeComune, TipoEsposizione) VALUES ('4676546451', 'cumque', 'Ombra');
INSERT INTO Esposizione (NumeroReplica, NomeComune, TipoEsposizione) VALUES ('2884527823', 'nemo', 'Sole');
INSERT INTO Esposizione (NumeroReplica, NomeComune, TipoEsposizione) VALUES ('4524466563', 'autem', 'Ombra');
INSERT INTO Esposizione (NumeroReplica, NomeComune, TipoEsposizione) VALUES ('9265827532', 'repudiandae', 'Mezzombra');
INSERT INTO Esposizione (NumeroReplica, NomeComune, TipoEsposizione) VALUES ('3205613320', 'non', 'Sole');
INSERT INTO Esposizione (NumeroReplica, NomeComune, TipoEsposizione) VALUES ('1150134723', 'ipsa', 'Mezzombra');
INSERT INTO Esposizione (NumeroReplica, NomeComune, TipoEsposizione) VALUES ('6228819925', 'voluptatibus', 'Sole');
INSERT INTO Esposizione (NumeroReplica, NomeComune, TipoEsposizione) VALUES ('2261790033', 'assumenda', 'Sole');
INSERT INTO Esposizione (NumeroReplica, NomeComune, TipoEsposizione) VALUES ('6214765973', 'aut', 'Sole');
INSERT INTO Esposizione (NumeroReplica, NomeComune, TipoEsposizione) VALUES ('7318549182', 'aliquam', 'Sole');
INSERT INTO Esposizione (NumeroReplica, NomeComune, TipoEsposizione) VALUES ('4413147343', 'animi', 'Ombra');
INSERT INTO Esposizione (NumeroReplica, NomeComune, TipoEsposizione) VALUES ('6957018407', 'quisquam', 'Ombra');
INSERT INTO Esposizione (NumeroReplica, NomeComune, TipoEsposizione) VALUES ('7841833670', 'praesentium', 'Mezzombra');
INSERT INTO Esposizione (NumeroReplica, NomeComune, TipoEsposizione) VALUES ('5723107216', 'doloribus', 'Ombra');
INSERT INTO Esposizione (NumeroReplica, NomeComune, TipoEsposizione) VALUES ('4580971691', 'sit', 'Sole');
INSERT INTO Esposizione (NumeroReplica, NomeComune, TipoEsposizione) VALUES ('4232805077', 'exercitationem', 'Ombra');
INSERT INTO Esposizione (NumeroReplica, NomeComune, TipoEsposizione) VALUES ('6411727366', 'quia', 'Mezzombra');
INSERT INTO Esposizione (NumeroReplica, NomeComune, TipoEsposizione) VALUES ('2073340856', 'facilis', 'Sole');
INSERT INTO Esposizione (NumeroReplica, NomeComune, TipoEsposizione) VALUES ('8046504845', 'voluptatum', 'Mezzombra');
INSERT INTO Esposizione (NumeroReplica, NomeComune, TipoEsposizione) VALUES ('7511899254', 'nam', 'Sole');
INSERT INTO Esposizione (NumeroReplica, NomeComune, TipoEsposizione) VALUES ('8721555380', 'suscipit', 'Mezzombra');
INSERT INTO Esposizione (NumeroReplica, NomeComune, TipoEsposizione) VALUES ('5257991111', 'blanditiis', 'Sole');
INSERT INTO Esposizione (NumeroReplica, NomeComune, TipoEsposizione) VALUES ('8674074449', 'quaerat', 'Ombra');
INSERT INTO Esposizione (NumeroReplica, NomeComune, TipoEsposizione) VALUES ('9642967075', 'ex', 'Sole');
INSERT INTO Esposizione (NumeroReplica, NomeComune, TipoEsposizione) VALUES ('8513352556', 'necessitatibus', 'Ombra');
INSERT INTO Esposizione (NumeroReplica, NomeComune, TipoEsposizione) VALUES ('7858960256', 'incidunt', 'Ombra');
INSERT INTO Esposizione (NumeroReplica, NomeComune, TipoEsposizione) VALUES ('1889779714', 'deserunt', 'Sole');
INSERT INTO Gruppo (IdGruppo, TipoGruppo, NumeroReplica, NomeComune) VALUES (33, 'Monitoraggio', '7359101057', 'qui');
INSERT INTO Gruppo (IdGruppo, TipoGruppo, NumeroReplica, NomeComune) VALUES (16, 'Controllo', '2014371454', 'inventore');
INSERT INTO Gruppo (IdGruppo, TipoGruppo, NumeroReplica, NomeComune) VALUES (36, 'Monitoraggio', '8342799383', 'fuga');
INSERT INTO Gruppo (IdGruppo, TipoGruppo, NumeroReplica, NomeComune) VALUES (6, 'Controllo', '7597608396', 'cumque');
INSERT INTO Gruppo (IdGruppo, TipoGruppo, NumeroReplica, NomeComune) VALUES (93, 'Controllo', '1385066217', 'veniam');
INSERT INTO Gruppo (IdGruppo, TipoGruppo, NumeroReplica, NomeComune) VALUES (100, 'Controllo', '3667314685', 'pariatur');
INSERT INTO Gruppo (IdGruppo, TipoGruppo, NumeroReplica, NomeComune) VALUES (18, 'Controllo', '736875773', 'asperiores');
INSERT INTO Gruppo (IdGruppo, TipoGruppo, NumeroReplica, NomeComune) VALUES (97, 'Controllo', '2659651227', 'ut');
INSERT INTO Gruppo (IdGruppo, TipoGruppo, NumeroReplica, NomeComune) VALUES (89, 'Controllo', '3885981395', 'dolorum');
INSERT INTO Gruppo (IdGruppo, TipoGruppo, NumeroReplica, NomeComune) VALUES (70, 'Controllo', '3916926435', 'illo');
INSERT INTO Gruppo (IdGruppo, TipoGruppo, NumeroReplica, NomeComune) VALUES (7, 'Controllo', '2878749522', 'deserunt');
INSERT INTO Gruppo (IdGruppo, TipoGruppo, NumeroReplica, NomeComune) VALUES (35, 'Controllo', '4971469876', 'pariatur');
INSERT INTO Gruppo (IdGruppo, TipoGruppo, NumeroReplica, NomeComune) VALUES (49, 'Monitoraggio', '7154671491', 'itaque');
INSERT INTO Gruppo (IdGruppo, TipoGruppo, NumeroReplica, NomeComune) VALUES (4, 'Controllo', '3655271294', 'atque');
INSERT INTO Gruppo (IdGruppo, TipoGruppo, NumeroReplica, NomeComune) VALUES (46, 'Monitoraggio', '7515835196', 'distinctio');
INSERT INTO Gruppo (IdGruppo, TipoGruppo, NumeroReplica, NomeComune) VALUES (61, 'Controllo', '7295721135', 'repellendus');
INSERT INTO Gruppo (IdGruppo, TipoGruppo, NumeroReplica, NomeComune) VALUES (95, 'Monitoraggio', '365123812', 'dolor');
INSERT INTO Gruppo (IdGruppo, TipoGruppo, NumeroReplica, NomeComune) VALUES (63, 'Monitoraggio', '5593104813', 'debitis');
INSERT INTO Gruppo (IdGruppo, TipoGruppo, NumeroReplica, NomeComune) VALUES (42, 'Controllo', '7619400798', 'sunt');
INSERT INTO Gruppo (IdGruppo, TipoGruppo, NumeroReplica, NomeComune) VALUES (27, 'Controllo', '4659307731', 'recusandae');
INSERT INTO Gruppo (IdGruppo, TipoGruppo, NumeroReplica, NomeComune) VALUES (74, 'Monitoraggio', '2359146153', 'perspiciatis');
INSERT INTO Gruppo (IdGruppo, TipoGruppo, NumeroReplica, NomeComune) VALUES (6, 'Monitoraggio', '1252610721', 'perferendis');
INSERT INTO Gruppo (IdGruppo, TipoGruppo, NumeroReplica, NomeComune) VALUES (52, 'Monitoraggio', '977839967', 'harum');
INSERT INTO Gruppo (IdGruppo, TipoGruppo, NumeroReplica, NomeComune) VALUES (59, 'Monitoraggio', '4002876082', 'ullam');
INSERT INTO Gruppo (IdGruppo, TipoGruppo, NumeroReplica, NomeComune) VALUES (75, 'Monitoraggio', '5552050767', 'saepe');
INSERT INTO Gruppo (IdGruppo, TipoGruppo, NumeroReplica, NomeComune) VALUES (39, 'Controllo', '5329821744', 'minus');
INSERT INTO Gruppo (IdGruppo, TipoGruppo, NumeroReplica, NomeComune) VALUES (19, 'Monitoraggio', '5929943232', 'ab');
INSERT INTO Gruppo (IdGruppo, TipoGruppo, NumeroReplica, NomeComune) VALUES (46, 'Controllo', '6654486125', 'in');
INSERT INTO Gruppo (IdGruppo, TipoGruppo, NumeroReplica, NomeComune) VALUES (90, 'Controllo', '7165212729', 'eligendi');
INSERT INTO Gruppo (IdGruppo, TipoGruppo, NumeroReplica, NomeComune) VALUES (5, 'Controllo', '4212616974', 'similique');
INSERT INTO Gruppo (IdGruppo, TipoGruppo, NumeroReplica, NomeComune) VALUES (17, 'Controllo', '142600015', 'voluptate');
INSERT INTO Gruppo (IdGruppo, TipoGruppo, NumeroReplica, NomeComune) VALUES (63, 'Controllo', '1862136906', 'hic');
INSERT INTO Gruppo (IdGruppo, TipoGruppo, NumeroReplica, NomeComune) VALUES (100, 'Controllo', '6516980410', 'expedita');
INSERT INTO Gruppo (IdGruppo, TipoGruppo, NumeroReplica, NomeComune) VALUES (46, 'Controllo', '3728043229', 'repellat');
INSERT INTO Gruppo (IdGruppo, TipoGruppo, NumeroReplica, NomeComune) VALUES (50, 'Controllo', '4176371774', 'fugiat');
INSERT INTO Gruppo (IdGruppo, TipoGruppo, NumeroReplica, NomeComune) VALUES (99, 'Monitoraggio', '4013081670', 'exercitationem');
INSERT INTO Gruppo (IdGruppo, TipoGruppo, NumeroReplica, NomeComune) VALUES (45, 'Controllo', '7642839093', 'ratione');
INSERT INTO Gruppo (IdGruppo, TipoGruppo, NumeroReplica, NomeComune) VALUES (74, 'Monitoraggio', '6330487934', 'reiciendis');
INSERT INTO Gruppo (IdGruppo, TipoGruppo, NumeroReplica, NomeComune) VALUES (15, 'Controllo', '4560064968', 'quisquam');
INSERT INTO Gruppo (IdGruppo, TipoGruppo, NumeroReplica, NomeComune) VALUES (73, 'Monitoraggio', '1307133256', 'impedit');
INSERT INTO Gruppo (IdGruppo, TipoGruppo, NumeroReplica, NomeComune) VALUES (52, 'Controllo', '1830691975', 'sapiente');
INSERT INTO Gruppo (IdGruppo, TipoGruppo, NumeroReplica, NomeComune) VALUES (21, 'Monitoraggio', '4390482768', 'libero');
INSERT INTO Gruppo (IdGruppo, TipoGruppo, NumeroReplica, NomeComune) VALUES (30, 'Controllo', '1436210892', 'recusandae');
INSERT INTO Gruppo (IdGruppo, TipoGruppo, NumeroReplica, NomeComune) VALUES (67, 'Monitoraggio', '1245618421', 'numquam');
INSERT INTO Gruppo (IdGruppo, TipoGruppo, NumeroReplica, NomeComune) VALUES (45, 'Monitoraggio', '9343235096', 'vitae');
INSERT INTO Gruppo (IdGruppo, TipoGruppo, NumeroReplica, NomeComune) VALUES (5, 'Monitoraggio', '3771308945', 'neque');
INSERT INTO Gruppo (IdGruppo, TipoGruppo, NumeroReplica, NomeComune) VALUES (37, 'Controllo', '7364821504', 'quasi');
INSERT INTO Gruppo (IdGruppo, TipoGruppo, NumeroReplica, NomeComune) VALUES (31, 'Monitoraggio', '7086396651', 'magni');
INSERT INTO Gruppo (IdGruppo, TipoGruppo, NumeroReplica, NomeComune) VALUES (78, 'Controllo', '8134885140', 'accusantium');
INSERT INTO Gruppo (IdGruppo, TipoGruppo, NumeroReplica, NomeComune) VALUES (20, 'Monitoraggio', '2566308102', 'illum');
INSERT INTO Gruppo (IdGruppo, TipoGruppo, NumeroReplica, NomeComune) VALUES (24, 'Monitoraggio', '7865130808', 'et');
INSERT INTO Gruppo (IdGruppo, TipoGruppo, NumeroReplica, NomeComune) VALUES (42, 'Controllo', '9340173894', 'veniam');
INSERT INTO Gruppo (IdGruppo, TipoGruppo, NumeroReplica, NomeComune) VALUES (90, 'Controllo', '8637665597', 'doloremque');
INSERT INTO Gruppo (IdGruppo, TipoGruppo, NumeroReplica, NomeComune) VALUES (40, 'Controllo', '1036589025', 'repellat');
INSERT INTO Gruppo (IdGruppo, TipoGruppo, NumeroReplica, NomeComune) VALUES (84, 'Monitoraggio', '7809479875', 'nulla');
INSERT INTO Gruppo (IdGruppo, TipoGruppo, NumeroReplica, NomeComune) VALUES (5, 'Controllo', '9512235294', 'veniam');
INSERT INTO Gruppo (IdGruppo, TipoGruppo, NumeroReplica, NomeComune) VALUES (78, 'Monitoraggio', '6653572624', 'sequi');
INSERT INTO Gruppo (IdGruppo, TipoGruppo, NumeroReplica, NomeComune) VALUES (14, 'Monitoraggio', '5256756079', 'quibusdam');
INSERT INTO Gruppo (IdGruppo, TipoGruppo, NumeroReplica, NomeComune) VALUES (62, 'Monitoraggio', '4749940426', 'eius');
INSERT INTO Gruppo (IdGruppo, TipoGruppo, NumeroReplica, NomeComune) VALUES (39, 'Monitoraggio', '1570940168', 'non');
INSERT INTO Gruppo (IdGruppo, TipoGruppo, NumeroReplica, NomeComune) VALUES (18, 'Controllo', '8742711791', 'facilis');
INSERT INTO Gruppo (IdGruppo, TipoGruppo, NumeroReplica, NomeComune) VALUES (45, 'Monitoraggio', '7840339935', 'aperiam');
INSERT INTO Gruppo (IdGruppo, TipoGruppo, NumeroReplica, NomeComune) VALUES (90, 'Monitoraggio', '236007124', 'molestiae');
INSERT INTO Gruppo (IdGruppo, TipoGruppo, NumeroReplica, NomeComune) VALUES (54, 'Controllo', '2276045871', 'sit');
INSERT INTO Gruppo (IdGruppo, TipoGruppo, NumeroReplica, NomeComune) VALUES (73, 'Controllo', '1354704196', 'voluptatem');
INSERT INTO Gruppo (IdGruppo, TipoGruppo, NumeroReplica, NomeComune) VALUES (81, 'Controllo', '1568221913', 'officia');
INSERT INTO Gruppo (IdGruppo, TipoGruppo, NumeroReplica, NomeComune) VALUES (60, 'Controllo', '7446233437', 'quo');
INSERT INTO Gruppo (IdGruppo, TipoGruppo, NumeroReplica, NomeComune) VALUES (60, 'Monitoraggio', '5259172742', 'suscipit');
INSERT INTO Gruppo (IdGruppo, TipoGruppo, NumeroReplica, NomeComune) VALUES (77, 'Controllo', '3638792539', 'commodi');
INSERT INTO Gruppo (IdGruppo, TipoGruppo, NumeroReplica, NomeComune) VALUES (66, 'Controllo', '3755267935', 'ullam');
INSERT INTO Gruppo (IdGruppo, TipoGruppo, NumeroReplica, NomeComune) VALUES (24, 'Monitoraggio', '3706817637', 'fuga');
INSERT INTO Gruppo (IdGruppo, TipoGruppo, NumeroReplica, NomeComune) VALUES (1, 'Controllo', '366733261', 'quod');
INSERT INTO Gruppo (IdGruppo, TipoGruppo, NumeroReplica, NomeComune) VALUES (77, 'Monitoraggio', '8846330308', 'atque');
INSERT INTO Gruppo (IdGruppo, TipoGruppo, NumeroReplica, NomeComune) VALUES (86, 'Controllo', '4676546451', 'cumque');
INSERT INTO Gruppo (IdGruppo, TipoGruppo, NumeroReplica, NomeComune) VALUES (96, 'Monitoraggio', '2884527823', 'nemo');
INSERT INTO Gruppo (IdGruppo, TipoGruppo, NumeroReplica, NomeComune) VALUES (48, 'Monitoraggio', '4524466563', 'autem');
INSERT INTO Gruppo (IdGruppo, TipoGruppo, NumeroReplica, NomeComune) VALUES (52, 'Monitoraggio', '9265827532', 'repudiandae');
INSERT INTO Gruppo (IdGruppo, TipoGruppo, NumeroReplica, NomeComune) VALUES (57, 'Controllo', '3205613320', 'non');
INSERT INTO Gruppo (IdGruppo, TipoGruppo, NumeroReplica, NomeComune) VALUES (77, 'Monitoraggio', '1150134723', 'ipsa');
INSERT INTO Gruppo (IdGruppo, TipoGruppo, NumeroReplica, NomeComune) VALUES (5, 'Controllo', '6228819925', 'voluptatibus');
INSERT INTO Gruppo (IdGruppo, TipoGruppo, NumeroReplica, NomeComune) VALUES (84, 'Controllo', '2261790033', 'assumenda');
INSERT INTO Gruppo (IdGruppo, TipoGruppo, NumeroReplica, NomeComune) VALUES (16, 'Controllo', '6214765973', 'aut');
INSERT INTO Gruppo (IdGruppo, TipoGruppo, NumeroReplica, NomeComune) VALUES (60, 'Controllo', '7318549182', 'aliquam');
INSERT INTO Gruppo (IdGruppo, TipoGruppo, NumeroReplica, NomeComune) VALUES (7, 'Monitoraggio', '4413147343', 'animi');
INSERT INTO Gruppo (IdGruppo, TipoGruppo, NumeroReplica, NomeComune) VALUES (83, 'Monitoraggio', '6957018407', 'quisquam');
INSERT INTO Gruppo (IdGruppo, TipoGruppo, NumeroReplica, NomeComune) VALUES (7, 'Monitoraggio', '7841833670', 'praesentium');
INSERT INTO Gruppo (IdGruppo, TipoGruppo, NumeroReplica, NomeComune) VALUES (12, 'Monitoraggio', '5723107216', 'doloribus');
INSERT INTO Gruppo (IdGruppo, TipoGruppo, NumeroReplica, NomeComune) VALUES (33, 'Monitoraggio', '4580971691', 'sit');
INSERT INTO Gruppo (IdGruppo, TipoGruppo, NumeroReplica, NomeComune) VALUES (41, 'Controllo', '4232805077', 'exercitationem');
INSERT INTO Gruppo (IdGruppo, TipoGruppo, NumeroReplica, NomeComune) VALUES (85, 'Monitoraggio', '6411727366', 'quia');
INSERT INTO Gruppo (IdGruppo, TipoGruppo, NumeroReplica, NomeComune) VALUES (31, 'Controllo', '2073340856', 'facilis');
INSERT INTO Gruppo (IdGruppo, TipoGruppo, NumeroReplica, NomeComune) VALUES (94, 'Monitoraggio', '8046504845', 'voluptatum');
INSERT INTO Gruppo (IdGruppo, TipoGruppo, NumeroReplica, NomeComune) VALUES (98, 'Monitoraggio', '7511899254', 'nam');
INSERT INTO Gruppo (IdGruppo, TipoGruppo, NumeroReplica, NomeComune) VALUES (86, 'Monitoraggio', '8721555380', 'suscipit');
INSERT INTO Gruppo (IdGruppo, TipoGruppo, NumeroReplica, NomeComune) VALUES (71, 'Controllo', '5257991111', 'blanditiis');
INSERT INTO Gruppo (IdGruppo, TipoGruppo, NumeroReplica, NomeComune) VALUES (64, 'Controllo', '8674074449', 'quaerat');
INSERT INTO Gruppo (IdGruppo, TipoGruppo, NumeroReplica, NomeComune) VALUES (55, 'Controllo', '9642967075', 'ex');
INSERT INTO Gruppo (IdGruppo, TipoGruppo, NumeroReplica, NomeComune) VALUES (36, 'Controllo', '8513352556', 'necessitatibus');
INSERT INTO Gruppo (IdGruppo, TipoGruppo, NumeroReplica, NomeComune) VALUES (84, 'Controllo', '7858960256', 'incidunt');
INSERT INTO Gruppo (IdGruppo, TipoGruppo, NumeroReplica, NomeComune) VALUES (40, 'Monitoraggio', '1889779714', 'deserunt');
INSERT INTO Sensore (IdSensore, TipoSensore, TipoAcquisizione) VALUES (1, 'Arduino', 'App');
INSERT INTO Sensore (IdSensore, TipoSensore, TipoAcquisizione) VALUES (2, 'Arduino', 'App');
INSERT INTO Sensore (IdSensore, TipoSensore, TipoAcquisizione) VALUES (3, 'Sensore', 'Arduino');
INSERT INTO Sensore (IdSensore, TipoSensore, TipoAcquisizione) VALUES (4, 'Arduino', 'App');
INSERT INTO Sensore (IdSensore, TipoSensore, TipoAcquisizione) VALUES (5, 'Sensore', 'Arduino');
INSERT INTO Rilevazione (IdRilevazione, NumeroReplica, NomeComune, DataOraRilevazione, DataOraInserimento, Sensore) VALUES (1, '7359101057', 'qui', '2022-02-05 14:53:07', '2022-06-20 00:27:49', '2');
INSERT INTO Rilevazione (IdRilevazione, NumeroReplica, NomeComune, DataOraRilevazione, DataOraInserimento, Sensore) VALUES (2, '2014371454', 'inventore', '2021-06-04 02:19:19', '2021-09-18 04:06:23', '3');
INSERT INTO Rilevazione (IdRilevazione, NumeroReplica, NomeComune, DataOraRilevazione, DataOraInserimento, Sensore) VALUES (3, '8342799383', 'fuga', '2021-10-27 08:41:39', '2022-04-17 02:44:46', '2');
INSERT INTO Rilevazione (IdRilevazione, NumeroReplica, NomeComune, DataOraRilevazione, DataOraInserimento, Sensore) VALUES (4, '7597608396', 'cumque', '2020-08-16 12:28:21', '2023-05-07 15:54:34', '4');
INSERT INTO Rilevazione (IdRilevazione, NumeroReplica, NomeComune, DataOraRilevazione, DataOraInserimento, Sensore) VALUES (5, '1385066217', 'veniam', '2022-04-12 10:46:05', '2023-05-04 00:15:50', '2');
INSERT INTO Rilevazione (IdRilevazione, NumeroReplica, NomeComune, DataOraRilevazione, DataOraInserimento, Sensore) VALUES (6, '3667314685', 'pariatur', '2022-12-29 19:48:57', '2023-05-25 12:00:38', '5');
INSERT INTO Rilevazione (IdRilevazione, NumeroReplica, NomeComune, DataOraRilevazione, DataOraInserimento, Sensore) VALUES (7, '736875773', 'asperiores', '2023-06-12 01:12:20', '2023-06-16 13:08:54', '1');
INSERT INTO Rilevazione (IdRilevazione, NumeroReplica, NomeComune, DataOraRilevazione, DataOraInserimento, Sensore) VALUES (8, '2659651227', 'ut', '2020-10-15 04:56:47', '2022-05-04 10:29:14', '5');
INSERT INTO Rilevazione (IdRilevazione, NumeroReplica, NomeComune, DataOraRilevazione, DataOraInserimento, Sensore) VALUES (9, '3885981395', 'dolorum', '2021-01-08 21:33:25', '2023-06-15 14:32:41', '3');
INSERT INTO Rilevazione (IdRilevazione, NumeroReplica, NomeComune, DataOraRilevazione, DataOraInserimento, Sensore) VALUES (10, '3916926435', 'illo', '2021-01-01 06:45:00', '2021-07-01 13:34:30', '3');
INSERT INTO Rilevazione (IdRilevazione, NumeroReplica, NomeComune, DataOraRilevazione, DataOraInserimento, Sensore) VALUES (11, '2878749522', 'deserunt', '2022-06-22 09:35:04', '2022-10-04 13:05:42', '2');
INSERT INTO Rilevazione (IdRilevazione, NumeroReplica, NomeComune, DataOraRilevazione, DataOraInserimento, Sensore) VALUES (12, '4971469876', 'pariatur', '2022-08-29 09:33:56', '2022-09-18 13:01:18', '2');
INSERT INTO Rilevazione (IdRilevazione, NumeroReplica, NomeComune, DataOraRilevazione, DataOraInserimento, Sensore) VALUES (13, '7154671491', 'itaque', '2020-10-03 16:10:37', '2022-11-27 19:57:24', '2');
INSERT INTO Rilevazione (IdRilevazione, NumeroReplica, NomeComune, DataOraRilevazione, DataOraInserimento, Sensore) VALUES (14, '3655271294', 'atque', '2021-09-07 23:28:15', '2022-01-10 21:58:20', '2');
INSERT INTO Rilevazione (IdRilevazione, NumeroReplica, NomeComune, DataOraRilevazione, DataOraInserimento, Sensore) VALUES (15, '7515835196', 'distinctio', '2020-08-29 08:41:48', '2023-01-09 09:03:12', '1');
INSERT INTO Rilevazione (IdRilevazione, NumeroReplica, NomeComune, DataOraRilevazione, DataOraInserimento, Sensore) VALUES (16, '7295721135', 'repellendus', '2021-02-01 18:12:07', '2021-08-07 21:03:19', '4');
INSERT INTO Rilevazione (IdRilevazione, NumeroReplica, NomeComune, DataOraRilevazione, DataOraInserimento, Sensore) VALUES (17, '365123812', 'dolor', '2022-06-16 17:27:56', '2023-07-07 20:51:23', '1');
INSERT INTO Rilevazione (IdRilevazione, NumeroReplica, NomeComune, DataOraRilevazione, DataOraInserimento, Sensore) VALUES (18, '5593104813', 'debitis', '2022-01-01 07:02:11', '2022-02-27 18:15:30', '5');
INSERT INTO Rilevazione (IdRilevazione, NumeroReplica, NomeComune, DataOraRilevazione, DataOraInserimento, Sensore) VALUES (19, '7619400798', 'sunt', '2021-12-10 06:31:59', '2022-08-29 13:16:28', '5');
INSERT INTO Rilevazione (IdRilevazione, NumeroReplica, NomeComune, DataOraRilevazione, DataOraInserimento, Sensore) VALUES (20, '4659307731', 'recusandae', '2022-11-11 21:33:29', '2023-05-18 23:11:25', '4');
INSERT INTO Rilevazione (IdRilevazione, NumeroReplica, NomeComune, DataOraRilevazione, DataOraInserimento, Sensore) VALUES (21, '2359146153', 'perspiciatis', '2022-08-16 10:36:23', '2022-11-07 18:17:09', '1');
INSERT INTO Rilevazione (IdRilevazione, NumeroReplica, NomeComune, DataOraRilevazione, DataOraInserimento, Sensore) VALUES (22, '1252610721', 'perferendis', '2022-02-18 17:31:18', '2022-08-01 05:50:20', '3');
INSERT INTO Rilevazione (IdRilevazione, NumeroReplica, NomeComune, DataOraRilevazione, DataOraInserimento, Sensore) VALUES (23, '977839967', 'harum', '2020-11-25 13:14:48', '2021-04-24 04:36:39', '3');
INSERT INTO Rilevazione (IdRilevazione, NumeroReplica, NomeComune, DataOraRilevazione, DataOraInserimento, Sensore) VALUES (24, '4002876082', 'ullam', '2020-11-23 02:13:01', '2021-08-11 18:38:02', '4');
INSERT INTO Rilevazione (IdRilevazione, NumeroReplica, NomeComune, DataOraRilevazione, DataOraInserimento, Sensore) VALUES (25, '5552050767', 'saepe', '2022-11-14 19:34:27', '2023-05-19 17:14:26', '4');
INSERT INTO Rilevazione (IdRilevazione, NumeroReplica, NomeComune, DataOraRilevazione, DataOraInserimento, Sensore) VALUES (26, '5329821744', 'minus', '2021-06-17 05:49:57', '2022-11-01 19:13:04', '4');
INSERT INTO Rilevazione (IdRilevazione, NumeroReplica, NomeComune, DataOraRilevazione, DataOraInserimento, Sensore) VALUES (27, '5929943232', 'ab', '2022-07-23 14:26:19', '2022-08-01 20:27:00', '2');
INSERT INTO Rilevazione (IdRilevazione, NumeroReplica, NomeComune, DataOraRilevazione, DataOraInserimento, Sensore) VALUES (28, '6654486125', 'in', '2022-12-27 07:35:41', '2023-07-02 10:52:33', '3');
INSERT INTO Rilevazione (IdRilevazione, NumeroReplica, NomeComune, DataOraRilevazione, DataOraInserimento, Sensore) VALUES (29, '7165212729', 'eligendi', '2020-06-10 16:33:30', '2023-02-18 16:58:43', '2');
INSERT INTO Rilevazione (IdRilevazione, NumeroReplica, NomeComune, DataOraRilevazione, DataOraInserimento, Sensore) VALUES (30, '4212616974', 'similique', '2021-12-05 10:48:57', '2022-09-02 08:34:29', '4');
INSERT INTO Rilevazione (IdRilevazione, NumeroReplica, NomeComune, DataOraRilevazione, DataOraInserimento, Sensore) VALUES (31, '142600015', 'voluptate', '2022-05-20 16:40:46', '2022-12-31 23:07:50', '3');
INSERT INTO Rilevazione (IdRilevazione, NumeroReplica, NomeComune, DataOraRilevazione, DataOraInserimento, Sensore) VALUES (32, '1862136906', 'hic', '2020-07-17 03:35:03', '2022-01-23 07:04:10', '4');
INSERT INTO Rilevazione (IdRilevazione, NumeroReplica, NomeComune, DataOraRilevazione, DataOraInserimento, Sensore) VALUES (33, '6516980410', 'expedita', '2022-09-21 22:46:30', '2022-12-08 12:40:09', '1');
INSERT INTO Rilevazione (IdRilevazione, NumeroReplica, NomeComune, DataOraRilevazione, DataOraInserimento, Sensore) VALUES (34, '3728043229', 'repellat', '2021-06-28 05:07:21', '2022-10-17 12:22:06', '1');
INSERT INTO Rilevazione (IdRilevazione, NumeroReplica, NomeComune, DataOraRilevazione, DataOraInserimento, Sensore) VALUES (35, '4176371774', 'fugiat', '2022-01-09 09:30:53', '2023-01-31 19:24:12', '5');
INSERT INTO Rilevazione (IdRilevazione, NumeroReplica, NomeComune, DataOraRilevazione, DataOraInserimento, Sensore) VALUES (36, '4013081670', 'exercitationem', '2023-05-08 08:31:48', '2023-06-29 14:31:23', '5');
INSERT INTO Rilevazione (IdRilevazione, NumeroReplica, NomeComune, DataOraRilevazione, DataOraInserimento, Sensore) VALUES (37, '7642839093', 'ratione', '2022-02-11 02:05:00', '2022-05-23 03:32:35', '4');
INSERT INTO Rilevazione (IdRilevazione, NumeroReplica, NomeComune, DataOraRilevazione, DataOraInserimento, Sensore) VALUES (38, '6330487934', 'reiciendis', '2022-01-06 08:06:07', '2022-10-01 05:23:59', '2');
INSERT INTO Rilevazione (IdRilevazione, NumeroReplica, NomeComune, DataOraRilevazione, DataOraInserimento, Sensore) VALUES (39, '4560064968', 'quisquam', '2023-06-19 23:30:08', '2023-07-05 19:02:56', '1');
INSERT INTO Rilevazione (IdRilevazione, NumeroReplica, NomeComune, DataOraRilevazione, DataOraInserimento, Sensore) VALUES (40, '1307133256', 'impedit', '2020-08-28 05:10:27', '2022-06-21 16:02:50', '4');
INSERT INTO Rilevazione (IdRilevazione, NumeroReplica, NomeComune, DataOraRilevazione, DataOraInserimento, Sensore) VALUES (41, '1830691975', 'sapiente', '2021-04-26 20:38:37', '2022-09-07 01:39:28', '4');
INSERT INTO Rilevazione (IdRilevazione, NumeroReplica, NomeComune, DataOraRilevazione, DataOraInserimento, Sensore) VALUES (42, '4390482768', 'libero', '2020-06-23 06:44:54', '2023-07-06 15:29:21', '2');
INSERT INTO Rilevazione (IdRilevazione, NumeroReplica, NomeComune, DataOraRilevazione, DataOraInserimento, Sensore) VALUES (43, '1436210892', 'recusandae', '2022-02-12 07:54:59', '2023-06-12 19:56:47', '2');
INSERT INTO Rilevazione (IdRilevazione, NumeroReplica, NomeComune, DataOraRilevazione, DataOraInserimento, Sensore) VALUES (44, '1245618421', 'numquam', '2022-09-08 16:51:24', '2023-01-17 12:09:01', '5');
INSERT INTO Rilevazione (IdRilevazione, NumeroReplica, NomeComune, DataOraRilevazione, DataOraInserimento, Sensore) VALUES (45, '9343235096', 'vitae', '2023-01-24 16:34:00', '2023-02-18 13:10:36', '2');
INSERT INTO Rilevazione (IdRilevazione, NumeroReplica, NomeComune, DataOraRilevazione, DataOraInserimento, Sensore) VALUES (46, '3771308945', 'neque', '2022-12-22 14:15:11', '2023-05-29 05:01:25', '1');
INSERT INTO Rilevazione (IdRilevazione, NumeroReplica, NomeComune, DataOraRilevazione, DataOraInserimento, Sensore) VALUES (47, '7364821504', 'quasi', '2021-12-20 10:03:23', '2022-03-24 15:28:50', '5');
INSERT INTO Rilevazione (IdRilevazione, NumeroReplica, NomeComune, DataOraRilevazione, DataOraInserimento, Sensore) VALUES (48, '7086396651', 'magni', '2021-12-24 11:12:03', '2022-07-28 00:21:34', '4');
INSERT INTO Rilevazione (IdRilevazione, NumeroReplica, NomeComune, DataOraRilevazione, DataOraInserimento, Sensore) VALUES (49, '8134885140', 'accusantium', '2021-01-05 21:17:37', '2021-09-03 00:33:57', '3');
INSERT INTO Rilevazione (IdRilevazione, NumeroReplica, NomeComune, DataOraRilevazione, DataOraInserimento, Sensore) VALUES (50, '2566308102', 'illum', '2020-08-05 01:20:46', '2022-05-07 14:36:49', '1');
INSERT INTO Rilevazione (IdRilevazione, NumeroReplica, NomeComune, DataOraRilevazione, DataOraInserimento, Sensore) VALUES (51, '7865130808', 'et', '2020-04-18 15:01:38', '2020-05-27 00:56:23', '1');
INSERT INTO Rilevazione (IdRilevazione, NumeroReplica, NomeComune, DataOraRilevazione, DataOraInserimento, Sensore) VALUES (52, '9340173894', 'veniam', '2021-08-11 08:54:42', '2022-10-07 20:49:36', '3');
INSERT INTO Rilevazione (IdRilevazione, NumeroReplica, NomeComune, DataOraRilevazione, DataOraInserimento, Sensore) VALUES (53, '8637665597', 'doloremque', '2022-08-20 09:55:24', '2022-10-02 08:31:47', '2');
INSERT INTO Rilevazione (IdRilevazione, NumeroReplica, NomeComune, DataOraRilevazione, DataOraInserimento, Sensore) VALUES (54, '1036589025', 'repellat', '2020-06-27 10:07:36', '2023-01-10 09:21:16', '2');
INSERT INTO Rilevazione (IdRilevazione, NumeroReplica, NomeComune, DataOraRilevazione, DataOraInserimento, Sensore) VALUES (55, '7809479875', 'nulla', '2022-01-05 16:02:59', '2022-03-04 07:56:07', '5');
INSERT INTO Rilevazione (IdRilevazione, NumeroReplica, NomeComune, DataOraRilevazione, DataOraInserimento, Sensore) VALUES (56, '9512235294', 'veniam', '2020-02-01 18:20:46', '2022-07-22 07:16:18', '4');
INSERT INTO Rilevazione (IdRilevazione, NumeroReplica, NomeComune, DataOraRilevazione, DataOraInserimento, Sensore) VALUES (57, '6653572624', 'sequi', '2020-05-27 05:28:21', '2021-04-27 22:48:29', '1');
INSERT INTO Rilevazione (IdRilevazione, NumeroReplica, NomeComune, DataOraRilevazione, DataOraInserimento, Sensore) VALUES (58, '5256756079', 'quibusdam', '2021-09-29 18:40:11', '2023-02-21 23:05:40', '1');
INSERT INTO Rilevazione (IdRilevazione, NumeroReplica, NomeComune, DataOraRilevazione, DataOraInserimento, Sensore) VALUES (59, '4749940426', 'eius', '2023-02-04 16:50:09', '2023-06-02 01:51:09', '1');
INSERT INTO Rilevazione (IdRilevazione, NumeroReplica, NomeComune, DataOraRilevazione, DataOraInserimento, Sensore) VALUES (60, '1570940168', 'non', '2020-12-30 08:01:29', '2021-03-01 06:27:24', '4');
INSERT INTO Rilevazione (IdRilevazione, NumeroReplica, NomeComune, DataOraRilevazione, DataOraInserimento, Sensore) VALUES (61, '8742711791', 'facilis', '2023-01-27 15:57:01', '2023-04-16 16:27:14', '4');
INSERT INTO Rilevazione (IdRilevazione, NumeroReplica, NomeComune, DataOraRilevazione, DataOraInserimento, Sensore) VALUES (62, '7840339935', 'aperiam', '2021-03-09 23:14:05', '2021-07-16 12:54:09', '1');
INSERT INTO Rilevazione (IdRilevazione, NumeroReplica, NomeComune, DataOraRilevazione, DataOraInserimento, Sensore) VALUES (63, '236007124', 'molestiae', '2021-01-11 03:18:53', '2023-01-09 23:17:15', '4');
INSERT INTO Rilevazione (IdRilevazione, NumeroReplica, NomeComune, DataOraRilevazione, DataOraInserimento, Sensore) VALUES (64, '2276045871', 'sit', '2021-06-21 04:56:32', '2022-09-22 17:52:20', '4');
INSERT INTO Rilevazione (IdRilevazione, NumeroReplica, NomeComune, DataOraRilevazione, DataOraInserimento, Sensore) VALUES (65, '1354704196', 'voluptatem', '2022-11-26 12:41:40', '2023-05-13 19:50:20', '2');
INSERT INTO Rilevazione (IdRilevazione, NumeroReplica, NomeComune, DataOraRilevazione, DataOraInserimento, Sensore) VALUES (66, '1568221913', 'officia', '2020-06-26 19:38:10', '2020-08-10 08:34:25', '1');
INSERT INTO Rilevazione (IdRilevazione, NumeroReplica, NomeComune, DataOraRilevazione, DataOraInserimento, Sensore) VALUES (67, '7446233437', 'quo', '2021-10-23 08:08:43', '2023-02-16 07:15:18', '3');
INSERT INTO Rilevazione (IdRilevazione, NumeroReplica, NomeComune, DataOraRilevazione, DataOraInserimento, Sensore) VALUES (68, '5259172742', 'suscipit', '2023-05-24 21:20:30', '2023-06-23 09:14:57', '2');
INSERT INTO Rilevazione (IdRilevazione, NumeroReplica, NomeComune, DataOraRilevazione, DataOraInserimento, Sensore) VALUES (69, '3638792539', 'commodi', '2020-10-25 17:59:20', '2020-10-30 04:49:55', '1');
INSERT INTO Rilevazione (IdRilevazione, NumeroReplica, NomeComune, DataOraRilevazione, DataOraInserimento, Sensore) VALUES (70, '3755267935', 'ullam', '2021-09-08 00:46:13', '2022-06-02 17:41:24', '1');
INSERT INTO Rilevazione (IdRilevazione, NumeroReplica, NomeComune, DataOraRilevazione, DataOraInserimento, Sensore) VALUES (71, '3706817637', 'fuga', '2020-10-13 04:19:38', '2022-01-20 20:54:49', '4');
INSERT INTO Rilevazione (IdRilevazione, NumeroReplica, NomeComune, DataOraRilevazione, DataOraInserimento, Sensore) VALUES (72, '366733261', 'quod', '2022-05-03 23:58:30', '2023-06-24 12:06:06', '4');
INSERT INTO Rilevazione (IdRilevazione, NumeroReplica, NomeComune, DataOraRilevazione, DataOraInserimento, Sensore) VALUES (73, '8846330308', 'atque', '2021-06-09 11:46:45', '2021-09-21 19:55:50', '3');
INSERT INTO Rilevazione (IdRilevazione, NumeroReplica, NomeComune, DataOraRilevazione, DataOraInserimento, Sensore) VALUES (74, '4676546451', 'cumque', '2020-09-27 05:05:53', '2021-11-23 00:49:34', '4');
INSERT INTO Rilevazione (IdRilevazione, NumeroReplica, NomeComune, DataOraRilevazione, DataOraInserimento, Sensore) VALUES (75, '2884527823', 'nemo', '2022-05-09 20:57:38', '2023-05-16 04:26:17', '4');
INSERT INTO Rilevazione (IdRilevazione, NumeroReplica, NomeComune, DataOraRilevazione, DataOraInserimento, Sensore) VALUES (76, '4524466563', 'autem', '2020-01-13 07:42:28', '2023-05-13 12:02:14', '4');
INSERT INTO Rilevazione (IdRilevazione, NumeroReplica, NomeComune, DataOraRilevazione, DataOraInserimento, Sensore) VALUES (77, '9265827532', 'repudiandae', '2023-05-01 08:11:02', '2023-05-19 01:35:34', '4');
INSERT INTO Rilevazione (IdRilevazione, NumeroReplica, NomeComune, DataOraRilevazione, DataOraInserimento, Sensore) VALUES (78, '3205613320', 'non', '2022-06-12 02:29:35', '2022-10-12 16:31:04', '5');
INSERT INTO Rilevazione (IdRilevazione, NumeroReplica, NomeComune, DataOraRilevazione, DataOraInserimento, Sensore) VALUES (79, '1150134723', 'ipsa', '2022-10-18 17:02:02', '2022-10-29 00:31:36', '5');
INSERT INTO Rilevazione (IdRilevazione, NumeroReplica, NomeComune, DataOraRilevazione, DataOraInserimento, Sensore) VALUES (80, '6228819925', 'voluptatibus', '2022-07-20 13:56:17', '2023-01-01 18:52:33', '3');
INSERT INTO Rilevazione (IdRilevazione, NumeroReplica, NomeComune, DataOraRilevazione, DataOraInserimento, Sensore) VALUES (81, '2261790033', 'assumenda', '2023-04-12 09:20:51', '2023-05-30 13:37:40', '4');
INSERT INTO Rilevazione (IdRilevazione, NumeroReplica, NomeComune, DataOraRilevazione, DataOraInserimento, Sensore) VALUES (82, '6214765973', 'aut', '2022-11-23 22:20:07', '2022-12-27 08:43:47', '2');
INSERT INTO Rilevazione (IdRilevazione, NumeroReplica, NomeComune, DataOraRilevazione, DataOraInserimento, Sensore) VALUES (83, '7318549182', 'aliquam', '2021-05-08 06:48:51', '2023-06-08 05:45:59', '1');
INSERT INTO Rilevazione (IdRilevazione, NumeroReplica, NomeComune, DataOraRilevazione, DataOraInserimento, Sensore) VALUES (84, '4413147343', 'animi', '2021-01-01 06:12:43', '2021-04-28 04:45:44', '3');
INSERT INTO Rilevazione (IdRilevazione, NumeroReplica, NomeComune, DataOraRilevazione, DataOraInserimento, Sensore) VALUES (85, '6957018407', 'quisquam', '2021-12-12 10:01:44', '2022-02-10 11:59:46', '2');
INSERT INTO Rilevazione (IdRilevazione, NumeroReplica, NomeComune, DataOraRilevazione, DataOraInserimento, Sensore) VALUES (86, '7841833670', 'praesentium', '2021-07-31 20:54:24', '2022-06-27 17:25:50', '5');
INSERT INTO Rilevazione (IdRilevazione, NumeroReplica, NomeComune, DataOraRilevazione, DataOraInserimento, Sensore) VALUES (87, '5723107216', 'doloribus', '2022-11-23 00:28:05', '2023-05-13 01:07:06', '5');
INSERT INTO Rilevazione (IdRilevazione, NumeroReplica, NomeComune, DataOraRilevazione, DataOraInserimento, Sensore) VALUES (88, '4580971691', 'sit', '2021-06-14 22:08:00', '2022-11-22 16:35:36', '5');
INSERT INTO Rilevazione (IdRilevazione, NumeroReplica, NomeComune, DataOraRilevazione, DataOraInserimento, Sensore) VALUES (89, '4232805077', 'exercitationem', '2020-10-23 23:00:00', '2021-12-27 16:13:26', '4');
INSERT INTO Rilevazione (IdRilevazione, NumeroReplica, NomeComune, DataOraRilevazione, DataOraInserimento, Sensore) VALUES (90, '6411727366', 'quia', '2020-02-12 09:46:57', '2020-11-25 10:56:09', '1');
INSERT INTO Rilevazione (IdRilevazione, NumeroReplica, NomeComune, DataOraRilevazione, DataOraInserimento, Sensore) VALUES (91, '2073340856', 'facilis', '2020-07-21 16:29:25', '2020-10-30 00:28:37', '3');
INSERT INTO Rilevazione (IdRilevazione, NumeroReplica, NomeComune, DataOraRilevazione, DataOraInserimento, Sensore) VALUES (92, '8046504845', 'voluptatum', '2022-04-26 08:58:49', '2022-11-17 08:58:24', '5');
INSERT INTO Rilevazione (IdRilevazione, NumeroReplica, NomeComune, DataOraRilevazione, DataOraInserimento, Sensore) VALUES (93, '7511899254', 'nam', '2021-02-17 23:31:30', '2022-10-25 12:17:07', '5');
INSERT INTO Rilevazione (IdRilevazione, NumeroReplica, NomeComune, DataOraRilevazione, DataOraInserimento, Sensore) VALUES (94, '8721555380', 'suscipit', '2022-04-23 18:10:15', '2022-09-06 03:59:02', '2');
INSERT INTO Rilevazione (IdRilevazione, NumeroReplica, NomeComune, DataOraRilevazione, DataOraInserimento, Sensore) VALUES (95, '5257991111', 'blanditiis', '2020-09-23 04:04:48', '2022-12-02 06:55:01', '5');
INSERT INTO Rilevazione (IdRilevazione, NumeroReplica, NomeComune, DataOraRilevazione, DataOraInserimento, Sensore) VALUES (96, '8674074449', 'quaerat', '2022-06-16 15:06:24', '2022-06-24 18:16:30', '1');
INSERT INTO Rilevazione (IdRilevazione, NumeroReplica, NomeComune, DataOraRilevazione, DataOraInserimento, Sensore) VALUES (97, '9642967075', 'ex', '2022-12-21 12:29:39', '2023-04-02 17:14:16', '5');
INSERT INTO Rilevazione (IdRilevazione, NumeroReplica, NomeComune, DataOraRilevazione, DataOraInserimento, Sensore) VALUES (98, '8513352556', 'necessitatibus', '2020-12-27 08:07:20', '2022-08-26 19:51:55', '3');
INSERT INTO Rilevazione (IdRilevazione, NumeroReplica, NomeComune, DataOraRilevazione, DataOraInserimento, Sensore) VALUES (99, '7858960256', 'incidunt', '2021-09-14 23:54:21', '2023-01-25 20:15:20', '5');
INSERT INTO Rilevazione (IdRilevazione, NumeroReplica, NomeComune, DataOraRilevazione, DataOraInserimento, Sensore) VALUES (100, '1889779714', 'deserunt', '2023-06-11 16:22:56', '2023-06-19 15:03:26', '3');
INSERT INTO Dati (Rilevazione, Temperatura, Umidita, Ph, FoglieDanneggiate, SuperficieFoglieDanneggiate, Fiori, Frutti, AltezzaPianta, LunghezzaRadice) VALUES ('1', 14.330760336991002, 55.89264667767589, 7.971046805975899, 6, 77.15703388262231, 6, 47, 14.610407812319286, 52.28779276680559);
INSERT INTO Dati (Rilevazione, Temperatura, Umidita, Ph, FoglieDanneggiate, SuperficieFoglieDanneggiate, Fiori, Frutti, AltezzaPianta, LunghezzaRadice) VALUES ('2', 22.273219388764154, 47.92061298028794, 6.850010369599761, 0, 96.90267519522816, 14, 47, 24.423845694770584, 170.8512294968319);
INSERT INTO Dati (Rilevazione, Temperatura, Umidita, Ph, FoglieDanneggiate, SuperficieFoglieDanneggiate, Fiori, Frutti, AltezzaPianta, LunghezzaRadice) VALUES ('3', 24.087217816394528, 72.79346278323919, 5.773187904260516, 5, 31.361938041912985, 7, 21, 29.83215103375248, 194.6891404865367);
INSERT INTO Dati (Rilevazione, Temperatura, Umidita, Ph, FoglieDanneggiate, SuperficieFoglieDanneggiate, Fiori, Frutti, AltezzaPianta, LunghezzaRadice) VALUES ('4', 11.189137862756866, 70.39959432242196, 7.556764988923695, 3, 22.589003763285863, 9, 4, 54.54944543282804, 107.86441676008934);
INSERT INTO Dati (Rilevazione, Temperatura, Umidita, Ph, FoglieDanneggiate, SuperficieFoglieDanneggiate, Fiori, Frutti, AltezzaPianta, LunghezzaRadice) VALUES ('5', 26.630603057793525, 52.428530864269405, 5.92518558138847, 4, 81.12165267202698, 15, 27, 38.18531461573008, 77.28696931038297);
INSERT INTO Dati (Rilevazione, Temperatura, Umidita, Ph, FoglieDanneggiate, SuperficieFoglieDanneggiate, Fiori, Frutti, AltezzaPianta, LunghezzaRadice) VALUES ('6', 19.313071354721465, 62.58826530175972, 5.470363201464085, 0, 50.05754527958263, 0, 45, 107.84102192502087, 24.697530669628556);
INSERT INTO Dati (Rilevazione, Temperatura, Umidita, Ph, FoglieDanneggiate, SuperficieFoglieDanneggiate, Fiori, Frutti, AltezzaPianta, LunghezzaRadice) VALUES ('7', 25.42779041847971, 68.38792211925619, 7.041392357637472, 4, 30.83049383520633, 17, 12, 14.230042053155092, 76.33469968909758);
INSERT INTO Dati (Rilevazione, Temperatura, Umidita, Ph, FoglieDanneggiate, SuperficieFoglieDanneggiate, Fiori, Frutti, AltezzaPianta, LunghezzaRadice) VALUES ('8', 10.087611505120723, 52.46033041599862, 5.2249672281157284, 3, 79.3906153908987, 4, 6, 120.57986771504177, 129.32829231300752);
INSERT INTO Dati (Rilevazione, Temperatura, Umidita, Ph, FoglieDanneggiate, SuperficieFoglieDanneggiate, Fiori, Frutti, AltezzaPianta, LunghezzaRadice) VALUES ('9', 22.062749384290463, 44.297962802888165, 5.817564810710401, 8, 10.276822030746136, 15, 33, 182.262300780481, 101.66921437329496);
INSERT INTO Dati (Rilevazione, Temperatura, Umidita, Ph, FoglieDanneggiate, SuperficieFoglieDanneggiate, Fiori, Frutti, AltezzaPianta, LunghezzaRadice) VALUES ('10', 20.010531515751794, 48.96532539270119, 7.254956319673578, 0, 93.67698948131745, 5, 20, 135.85466070374804, 79.06246943259953);
INSERT INTO Dati (Rilevazione, Temperatura, Umidita, Ph, FoglieDanneggiate, SuperficieFoglieDanneggiate, Fiori, Frutti, AltezzaPianta, LunghezzaRadice) VALUES ('11', 17.86453908528254, 40.600186140000915, 5.428274238708786, 2, 28.383705475019184, 10, 21, 81.37007770246387, 59.91357486981472);
INSERT INTO Dati (Rilevazione, Temperatura, Umidita, Ph, FoglieDanneggiate, SuperficieFoglieDanneggiate, Fiori, Frutti, AltezzaPianta, LunghezzaRadice) VALUES ('12', 22.678005211058068, 79.77209588498562, 7.896703809410392, 0, 28.704510877562374, 4, 23, 118.77055132458435, 130.49039689275787);
INSERT INTO Dati (Rilevazione, Temperatura, Umidita, Ph, FoglieDanneggiate, SuperficieFoglieDanneggiate, Fiori, Frutti, AltezzaPianta, LunghezzaRadice) VALUES ('13', 11.160365934107737, 70.70352083294625, 6.912812316564623, 8, 55.32611560345018, 8, 48, 44.74029790287555, 20.63618018020901);
INSERT INTO Dati (Rilevazione, Temperatura, Umidita, Ph, FoglieDanneggiate, SuperficieFoglieDanneggiate, Fiori, Frutti, AltezzaPianta, LunghezzaRadice) VALUES ('14', 28.668140846847805, 30.278606036700246, 7.0774480649359095, 1, 1.547410620008094, 8, 36, 155.3743207976568, 80.65232151577423);
INSERT INTO Dati (Rilevazione, Temperatura, Umidita, Ph, FoglieDanneggiate, SuperficieFoglieDanneggiate, Fiori, Frutti, AltezzaPianta, LunghezzaRadice) VALUES ('15', 24.41858867326073, 69.36343995643739, 5.414257348421867, 2, 98.42894527095713, 20, 29, 149.0166878367571, 161.99398681780042);
INSERT INTO Dati (Rilevazione, Temperatura, Umidita, Ph, FoglieDanneggiate, SuperficieFoglieDanneggiate, Fiori, Frutti, AltezzaPianta, LunghezzaRadice) VALUES ('16', 28.367206178347566, 69.42061327383742, 5.642054183902357, 8, 94.96001642994786, 11, 32, 60.469191668724235, 129.13655339188472);
INSERT INTO Dati (Rilevazione, Temperatura, Umidita, Ph, FoglieDanneggiate, SuperficieFoglieDanneggiate, Fiori, Frutti, AltezzaPianta, LunghezzaRadice) VALUES ('17', 26.16734224000925, 55.43242454520753, 6.346106692247502, 1, 69.83436653374292, 3, 5, 43.26727814420395, 95.92604693160075);
INSERT INTO Dati (Rilevazione, Temperatura, Umidita, Ph, FoglieDanneggiate, SuperficieFoglieDanneggiate, Fiori, Frutti, AltezzaPianta, LunghezzaRadice) VALUES ('18', 11.873039985854032, 55.21685421423084, 6.462600086347185, 6, 33.938498727602294, 16, 27, 76.177484586983, 37.803095041390606);
INSERT INTO Dati (Rilevazione, Temperatura, Umidita, Ph, FoglieDanneggiate, SuperficieFoglieDanneggiate, Fiori, Frutti, AltezzaPianta, LunghezzaRadice) VALUES ('19', 15.46543357353495, 58.85905948344092, 7.004142895589547, 6, 81.42404499161802, 1, 43, 23.282672244395727, 160.969812752694);
INSERT INTO Dati (Rilevazione, Temperatura, Umidita, Ph, FoglieDanneggiate, SuperficieFoglieDanneggiate, Fiori, Frutti, AltezzaPianta, LunghezzaRadice) VALUES ('20', 18.99766999424402, 49.94894247923315, 6.632929814492295, 8, 31.13585930436418, 20, 39, 11.827267862283042, 129.12665592163387);
INSERT INTO Dati (Rilevazione, Temperatura, Umidita, Ph, FoglieDanneggiate, SuperficieFoglieDanneggiate, Fiori, Frutti, AltezzaPianta, LunghezzaRadice) VALUES ('21', 29.37406531601422, 74.09381657072913, 6.190898229427074, 2, 2.322929799022022, 6, 15, 174.85486293227163, 140.48680414559098);
INSERT INTO Dati (Rilevazione, Temperatura, Umidita, Ph, FoglieDanneggiate, SuperficieFoglieDanneggiate, Fiori, Frutti, AltezzaPianta, LunghezzaRadice) VALUES ('22', 17.836291491961017, 57.53116617979082, 6.395160037247742, 10, 92.35167503142124, 8, 45, 69.06612472121913, 55.87696447224119);
INSERT INTO Dati (Rilevazione, Temperatura, Umidita, Ph, FoglieDanneggiate, SuperficieFoglieDanneggiate, Fiori, Frutti, AltezzaPianta, LunghezzaRadice) VALUES ('23', 26.672358946006188, 76.41195250012825, 5.136891941314917, 5, 6.4565574466886595, 7, 46, 88.37939422037651, 30.317380151789475);
INSERT INTO Dati (Rilevazione, Temperatura, Umidita, Ph, FoglieDanneggiate, SuperficieFoglieDanneggiate, Fiori, Frutti, AltezzaPianta, LunghezzaRadice) VALUES ('24', 29.38352194820193, 48.66948768904937, 5.911365023175998, 8, 29.555181976265878, 13, 28, 23.71972404159057, 24.270065315191005);
INSERT INTO Dati (Rilevazione, Temperatura, Umidita, Ph, FoglieDanneggiate, SuperficieFoglieDanneggiate, Fiori, Frutti, AltezzaPianta, LunghezzaRadice) VALUES ('25', 27.983045962825077, 46.38512383287035, 7.238720486675763, 6, 42.295847683805036, 17, 33, 21.907646661206638, 190.6039011953849);
INSERT INTO Dati (Rilevazione, Temperatura, Umidita, Ph, FoglieDanneggiate, SuperficieFoglieDanneggiate, Fiori, Frutti, AltezzaPianta, LunghezzaRadice) VALUES ('26', 14.242158451680197, 58.72588304706083, 7.0127817642096195, 9, 12.636983353983645, 6, 9, 121.73266292866913, 33.5259808587458);
INSERT INTO Dati (Rilevazione, Temperatura, Umidita, Ph, FoglieDanneggiate, SuperficieFoglieDanneggiate, Fiori, Frutti, AltezzaPianta, LunghezzaRadice) VALUES ('27', 24.36871599895653, 68.77351671080206, 5.183101772234625, 4, 88.98037314868216, 11, 36, 23.70426797680317, 14.636407155547744);
INSERT INTO Dati (Rilevazione, Temperatura, Umidita, Ph, FoglieDanneggiate, SuperficieFoglieDanneggiate, Fiori, Frutti, AltezzaPianta, LunghezzaRadice) VALUES ('28', 16.83045122079271, 44.05547755721978, 5.040244495260784, 1, 3.3957385564993947, 4, 46, 10.573788260393629, 137.8307603808153);
INSERT INTO Dati (Rilevazione, Temperatura, Umidita, Ph, FoglieDanneggiate, SuperficieFoglieDanneggiate, Fiori, Frutti, AltezzaPianta, LunghezzaRadice) VALUES ('29', 22.620535303067893, 53.89296573234428, 5.236300822860299, 1, 99.15455654903992, 2, 48, 179.5709314525916, 94.3653825057747);
INSERT INTO Dati (Rilevazione, Temperatura, Umidita, Ph, FoglieDanneggiate, SuperficieFoglieDanneggiate, Fiori, Frutti, AltezzaPianta, LunghezzaRadice) VALUES ('30', 11.976523150608596, 70.65810847537581, 5.0410015110864705, 3, 45.003610883214506, 19, 9, 133.9143251497033, 87.47257816201284);
INSERT INTO Dati (Rilevazione, Temperatura, Umidita, Ph, FoglieDanneggiate, SuperficieFoglieDanneggiate, Fiori, Frutti, AltezzaPianta, LunghezzaRadice) VALUES ('31', 11.98265577292944, 77.95997435257979, 6.9560372609224945, 9, 33.364059386978475, 0, 35, 145.99061085530462, 199.02841864028835);
INSERT INTO Dati (Rilevazione, Temperatura, Umidita, Ph, FoglieDanneggiate, SuperficieFoglieDanneggiate, Fiori, Frutti, AltezzaPianta, LunghezzaRadice) VALUES ('32', 29.774860549749626, 50.18769826464916, 6.105954773608464, 4, 55.93264950707738, 5, 42, 189.0071605401636, 138.72053676771145);
INSERT INTO Dati (Rilevazione, Temperatura, Umidita, Ph, FoglieDanneggiate, SuperficieFoglieDanneggiate, Fiori, Frutti, AltezzaPianta, LunghezzaRadice) VALUES ('33', 27.806930586949882, 72.31604721072868, 7.422214852575056, 9, 35.36141749989217, 1, 33, 153.60076388284475, 123.24568069939828);
INSERT INTO Dati (Rilevazione, Temperatura, Umidita, Ph, FoglieDanneggiate, SuperficieFoglieDanneggiate, Fiori, Frutti, AltezzaPianta, LunghezzaRadice) VALUES ('34', 12.459956937798587, 31.43837536449316, 5.263252093973811, 3, 39.31893579188499, 9, 4, 158.87389693608347, 161.71898799746558);
INSERT INTO Dati (Rilevazione, Temperatura, Umidita, Ph, FoglieDanneggiate, SuperficieFoglieDanneggiate, Fiori, Frutti, AltezzaPianta, LunghezzaRadice) VALUES ('35', 14.99357566969583, 62.11183430095777, 7.152374411856872, 4, 46.790350706323636, 15, 21, 135.72257708511785, 69.57670382062555);
INSERT INTO Dati (Rilevazione, Temperatura, Umidita, Ph, FoglieDanneggiate, SuperficieFoglieDanneggiate, Fiori, Frutti, AltezzaPianta, LunghezzaRadice) VALUES ('36', 23.11426186150515, 66.58969934315135, 7.871999094766816, 5, 8.797700853593671, 18, 48, 68.0026762618399, 170.74489326054294);
INSERT INTO Dati (Rilevazione, Temperatura, Umidita, Ph, FoglieDanneggiate, SuperficieFoglieDanneggiate, Fiori, Frutti, AltezzaPianta, LunghezzaRadice) VALUES ('37', 16.77261229850607, 32.016819323249905, 5.360439981479518, 1, 46.5415618648967, 10, 30, 15.000587512388115, 118.80408120520167);
INSERT INTO Dati (Rilevazione, Temperatura, Umidita, Ph, FoglieDanneggiate, SuperficieFoglieDanneggiate, Fiori, Frutti, AltezzaPianta, LunghezzaRadice) VALUES ('38', 27.041682730498685, 34.07727932326224, 6.445836520431999, 2, 96.32815830794985, 17, 9, 13.501259777452209, 91.97674191542734);
INSERT INTO Dati (Rilevazione, Temperatura, Umidita, Ph, FoglieDanneggiate, SuperficieFoglieDanneggiate, Fiori, Frutti, AltezzaPianta, LunghezzaRadice) VALUES ('39', 21.878701349576097, 55.15206704881588, 5.835089153795656, 9, 53.95715523675288, 19, 23, 24.410551731670957, 54.202062703774025);
INSERT INTO Dati (Rilevazione, Temperatura, Umidita, Ph, FoglieDanneggiate, SuperficieFoglieDanneggiate, Fiori, Frutti, AltezzaPianta, LunghezzaRadice) VALUES ('40', 26.520591034284777, 41.96563553298238, 5.963058134219425, 10, 50.34748892863521, 19, 44, 43.341620425417474, 194.17476966183492);
INSERT INTO Dati (Rilevazione, Temperatura, Umidita, Ph, FoglieDanneggiate, SuperficieFoglieDanneggiate, Fiori, Frutti, AltezzaPianta, LunghezzaRadice) VALUES ('41', 25.754583854349107, 68.83287936495381, 5.480230552787462, 2, 45.791370139064966, 13, 28, 24.65800131760558, 159.01890429596855);
INSERT INTO Dati (Rilevazione, Temperatura, Umidita, Ph, FoglieDanneggiate, SuperficieFoglieDanneggiate, Fiori, Frutti, AltezzaPianta, LunghezzaRadice) VALUES ('42', 13.792409816005936, 36.52547685978299, 6.527345844381571, 4, 5.291560728040478, 3, 15, 165.94359930813093, 44.632907361205824);
INSERT INTO Dati (Rilevazione, Temperatura, Umidita, Ph, FoglieDanneggiate, SuperficieFoglieDanneggiate, Fiori, Frutti, AltezzaPianta, LunghezzaRadice) VALUES ('43', 13.026899173090028, 43.484120190269145, 5.342932522728708, 7, 75.347704822813, 16, 6, 26.65531739016042, 14.937909172356441);
INSERT INTO Dati (Rilevazione, Temperatura, Umidita, Ph, FoglieDanneggiate, SuperficieFoglieDanneggiate, Fiori, Frutti, AltezzaPianta, LunghezzaRadice) VALUES ('44', 12.603840659795342, 59.459875484079085, 7.577866085725345, 3, 10.466171452110274, 4, 27, 48.507330904862904, 16.06505171723025);
INSERT INTO Dati (Rilevazione, Temperatura, Umidita, Ph, FoglieDanneggiate, SuperficieFoglieDanneggiate, Fiori, Frutti, AltezzaPianta, LunghezzaRadice) VALUES ('45', 20.66306631136358, 60.20044247875278, 6.8303411548601485, 0, 32.13249938943778, 6, 30, 128.99979572490858, 31.767274535607456);
INSERT INTO Dati (Rilevazione, Temperatura, Umidita, Ph, FoglieDanneggiate, SuperficieFoglieDanneggiate, Fiori, Frutti, AltezzaPianta, LunghezzaRadice) VALUES ('46', 19.438565601057192, 40.57306981891345, 7.8750549327478705, 1, 5.230059859373348, 10, 24, 98.73730786367693, 176.28204325906404);
INSERT INTO Dati (Rilevazione, Temperatura, Umidita, Ph, FoglieDanneggiate, SuperficieFoglieDanneggiate, Fiori, Frutti, AltezzaPianta, LunghezzaRadice) VALUES ('47', 24.575300337667798, 79.25475793167175, 6.107642902561144, 3, 92.35550485183714, 20, 23, 49.92683942923866, 26.193049871354805);
INSERT INTO Dati (Rilevazione, Temperatura, Umidita, Ph, FoglieDanneggiate, SuperficieFoglieDanneggiate, Fiori, Frutti, AltezzaPianta, LunghezzaRadice) VALUES ('48', 21.582726207647344, 57.629581317676475, 5.067309743255846, 1, 80.28198279456427, 3, 15, 147.2152350138415, 60.07598370675997);
INSERT INTO Dati (Rilevazione, Temperatura, Umidita, Ph, FoglieDanneggiate, SuperficieFoglieDanneggiate, Fiori, Frutti, AltezzaPianta, LunghezzaRadice) VALUES ('49', 17.68869257248059, 38.5589024721512, 6.62958681281237, 7, 41.46234175975951, 7, 41, 88.1653368033989, 142.87062306800928);
INSERT INTO Dati (Rilevazione, Temperatura, Umidita, Ph, FoglieDanneggiate, SuperficieFoglieDanneggiate, Fiori, Frutti, AltezzaPianta, LunghezzaRadice) VALUES ('50', 20.49093367191744, 32.827454485651636, 7.4348849089024, 2, 71.33538070086036, 2, 25, 168.1875021659937, 196.04748507634832);
INSERT INTO Dati (Rilevazione, Temperatura, Umidita, Ph, FoglieDanneggiate, SuperficieFoglieDanneggiate, Fiori, Frutti, AltezzaPianta, LunghezzaRadice) VALUES ('51', 25.18713986848792, 62.33437640862927, 6.188374690012171, 2, 39.68436301745014, 11, 28, 100.94486852316072, 139.86505679016008);
INSERT INTO Dati (Rilevazione, Temperatura, Umidita, Ph, FoglieDanneggiate, SuperficieFoglieDanneggiate, Fiori, Frutti, AltezzaPianta, LunghezzaRadice) VALUES ('52', 14.860608903283882, 79.09298210412153, 6.716699004459638, 4, 72.71927434721196, 1, 34, 197.29133293544274, 105.93122307413228);
INSERT INTO Dati (Rilevazione, Temperatura, Umidita, Ph, FoglieDanneggiate, SuperficieFoglieDanneggiate, Fiori, Frutti, AltezzaPianta, LunghezzaRadice) VALUES ('53', 16.6027248790747, 34.4847631106474, 5.482513050167715, 4, 38.13506974924837, 0, 16, 132.14932550641467, 26.93232747414844);
INSERT INTO Dati (Rilevazione, Temperatura, Umidita, Ph, FoglieDanneggiate, SuperficieFoglieDanneggiate, Fiori, Frutti, AltezzaPianta, LunghezzaRadice) VALUES ('54', 11.527770894789029, 36.6643729544392, 6.179749368137809, 0, 70.49040025319499, 3, 8, 122.98855390726943, 66.09711675502004);
INSERT INTO Dati (Rilevazione, Temperatura, Umidita, Ph, FoglieDanneggiate, SuperficieFoglieDanneggiate, Fiori, Frutti, AltezzaPianta, LunghezzaRadice) VALUES ('55', 27.714789756999917, 47.9965835850372, 5.856417508034789, 6, 50.702498230752425, 13, 40, 59.93695002821965, 154.85845533870113);
INSERT INTO Dati (Rilevazione, Temperatura, Umidita, Ph, FoglieDanneggiate, SuperficieFoglieDanneggiate, Fiori, Frutti, AltezzaPianta, LunghezzaRadice) VALUES ('56', 18.40146870215011, 46.755481627971626, 7.351944609060684, 6, 12.405761219425449, 16, 5, 40.84823494466122, 26.96813760599244);
INSERT INTO Dati (Rilevazione, Temperatura, Umidita, Ph, FoglieDanneggiate, SuperficieFoglieDanneggiate, Fiori, Frutti, AltezzaPianta, LunghezzaRadice) VALUES ('57', 18.590772383562943, 37.859119599391164, 5.444856418040139, 9, 75.55422027869459, 17, 10, 169.30705413035122, 160.35621543070297);
INSERT INTO Dati (Rilevazione, Temperatura, Umidita, Ph, FoglieDanneggiate, SuperficieFoglieDanneggiate, Fiori, Frutti, AltezzaPianta, LunghezzaRadice) VALUES ('58', 29.938205810884458, 40.151230565175716, 7.2502187211898725, 3, 56.29889809215345, 8, 14, 179.86710158152454, 118.97559354178877);
INSERT INTO Dati (Rilevazione, Temperatura, Umidita, Ph, FoglieDanneggiate, SuperficieFoglieDanneggiate, Fiori, Frutti, AltezzaPianta, LunghezzaRadice) VALUES ('59', 16.04620071269733, 55.93635253943043, 5.588031565883895, 0, 84.52362961927946, 5, 34, 105.80583990226859, 169.98853694900154);
INSERT INTO Dati (Rilevazione, Temperatura, Umidita, Ph, FoglieDanneggiate, SuperficieFoglieDanneggiate, Fiori, Frutti, AltezzaPianta, LunghezzaRadice) VALUES ('60', 15.695395726571032, 46.702898328930786, 6.813126724552545, 5, 90.17193178783178, 1, 43, 71.1597429329378, 129.3542916152722);
INSERT INTO Dati (Rilevazione, Temperatura, Umidita, Ph, FoglieDanneggiate, SuperficieFoglieDanneggiate, Fiori, Frutti, AltezzaPianta, LunghezzaRadice) VALUES ('61', 12.56214617857966, 50.15153808281193, 5.0456075310960475, 9, 26.869599882631857, 2, 39, 23.992481943202954, 134.87489054708166);
INSERT INTO Dati (Rilevazione, Temperatura, Umidita, Ph, FoglieDanneggiate, SuperficieFoglieDanneggiate, Fiori, Frutti, AltezzaPianta, LunghezzaRadice) VALUES ('62', 14.124090235718672, 68.4554357746159, 5.1251393403052, 6, 57.354620009230075, 0, 37, 163.22264012201813, 17.74518202137627);
INSERT INTO Dati (Rilevazione, Temperatura, Umidita, Ph, FoglieDanneggiate, SuperficieFoglieDanneggiate, Fiori, Frutti, AltezzaPianta, LunghezzaRadice) VALUES ('63', 15.35698465918938, 51.252018341429384, 6.832636126593578, 2, 76.81901898609425, 7, 1, 154.70533406363813, 148.57815272229587);
INSERT INTO Dati (Rilevazione, Temperatura, Umidita, Ph, FoglieDanneggiate, SuperficieFoglieDanneggiate, Fiori, Frutti, AltezzaPianta, LunghezzaRadice) VALUES ('64', 14.57292654959428, 39.501240328378486, 5.603940141201851, 8, 41.329052598687, 14, 38, 42.66220308148209, 82.57578499528664);
INSERT INTO Dati (Rilevazione, Temperatura, Umidita, Ph, FoglieDanneggiate, SuperficieFoglieDanneggiate, Fiori, Frutti, AltezzaPianta, LunghezzaRadice) VALUES ('65', 25.63980061085035, 39.782550886261824, 7.851368955707314, 8, 32.057418545275915, 14, 36, 155.7105028036565, 115.58835809645524);
INSERT INTO Dati (Rilevazione, Temperatura, Umidita, Ph, FoglieDanneggiate, SuperficieFoglieDanneggiate, Fiori, Frutti, AltezzaPianta, LunghezzaRadice) VALUES ('66', 22.68045127891545, 55.831993249003446, 5.943768701057928, 7, 52.582602457306606, 18, 23, 41.88955835714026, 52.6856216896379);
INSERT INTO Dati (Rilevazione, Temperatura, Umidita, Ph, FoglieDanneggiate, SuperficieFoglieDanneggiate, Fiori, Frutti, AltezzaPianta, LunghezzaRadice) VALUES ('67', 13.513891383859338, 48.23347948503307, 6.826801792748984, 10, 86.19694241474771, 15, 10, 159.83167902885978, 158.68128922282625);
INSERT INTO Dati (Rilevazione, Temperatura, Umidita, Ph, FoglieDanneggiate, SuperficieFoglieDanneggiate, Fiori, Frutti, AltezzaPianta, LunghezzaRadice) VALUES ('68', 29.923247866506564, 35.82953339393764, 5.0552571329143134, 8, 12.234895087089026, 2, 49, 84.33086037916914, 178.88520511580387);
INSERT INTO Dati (Rilevazione, Temperatura, Umidita, Ph, FoglieDanneggiate, SuperficieFoglieDanneggiate, Fiori, Frutti, AltezzaPianta, LunghezzaRadice) VALUES ('69', 10.529096604541104, 75.99677853877346, 6.765967417102782, 6, 76.17411262730226, 2, 48, 171.7295547059508, 150.05452753462177);
INSERT INTO Dati (Rilevazione, Temperatura, Umidita, Ph, FoglieDanneggiate, SuperficieFoglieDanneggiate, Fiori, Frutti, AltezzaPianta, LunghezzaRadice) VALUES ('70', 26.93222719151142, 75.99491983950196, 6.842549549118412, 0, 3.925712832861039, 12, 22, 135.49680246270879, 10.635039930280247);
INSERT INTO Dati (Rilevazione, Temperatura, Umidita, Ph, FoglieDanneggiate, SuperficieFoglieDanneggiate, Fiori, Frutti, AltezzaPianta, LunghezzaRadice) VALUES ('71', 18.707652914165788, 43.66937310962723, 5.789016310032026, 1, 29.48238579654077, 4, 48, 37.57714810752233, 21.514534859713912);
INSERT INTO Dati (Rilevazione, Temperatura, Umidita, Ph, FoglieDanneggiate, SuperficieFoglieDanneggiate, Fiori, Frutti, AltezzaPianta, LunghezzaRadice) VALUES ('72', 17.023533023350375, 70.04292566946953, 6.979438611997109, 1, 26.87440183172277, 17, 23, 52.128913184507226, 92.2120304058486);
INSERT INTO Dati (Rilevazione, Temperatura, Umidita, Ph, FoglieDanneggiate, SuperficieFoglieDanneggiate, Fiori, Frutti, AltezzaPianta, LunghezzaRadice) VALUES ('73', 21.765416664070692, 61.24346016725944, 6.623341555765143, 3, 38.15229668423954, 1, 38, 56.6785773469637, 147.07026855883257);
INSERT INTO Dati (Rilevazione, Temperatura, Umidita, Ph, FoglieDanneggiate, SuperficieFoglieDanneggiate, Fiori, Frutti, AltezzaPianta, LunghezzaRadice) VALUES ('74', 15.396548525722464, 64.07221887257093, 6.272046441104347, 0, 14.588366854400004, 11, 49, 92.02297562310366, 174.3709122899432);
INSERT INTO Dati (Rilevazione, Temperatura, Umidita, Ph, FoglieDanneggiate, SuperficieFoglieDanneggiate, Fiori, Frutti, AltezzaPianta, LunghezzaRadice) VALUES ('75', 26.77108862123884, 55.49575768791169, 5.106311657287696, 7, 57.326895235442, 9, 44, 187.63319454036554, 112.09141912650914);
INSERT INTO Dati (Rilevazione, Temperatura, Umidita, Ph, FoglieDanneggiate, SuperficieFoglieDanneggiate, Fiori, Frutti, AltezzaPianta, LunghezzaRadice) VALUES ('76', 25.605124135287326, 77.487002142166, 7.975504139556338, 5, 28.003894173018818, 10, 9, 58.03036634475139, 141.57790036487546);
INSERT INTO Dati (Rilevazione, Temperatura, Umidita, Ph, FoglieDanneggiate, SuperficieFoglieDanneggiate, Fiori, Frutti, AltezzaPianta, LunghezzaRadice) VALUES ('77', 14.313852774958837, 35.690948480782595, 5.054117244011382, 0, 13.625683572308766, 19, 43, 108.65661735037217, 109.35964438872757);
INSERT INTO Dati (Rilevazione, Temperatura, Umidita, Ph, FoglieDanneggiate, SuperficieFoglieDanneggiate, Fiori, Frutti, AltezzaPianta, LunghezzaRadice) VALUES ('78', 28.662882378407783, 54.68240458102062, 7.220852145628877, 1, 52.75930024759566, 16, 18, 26.752298001704276, 108.27675827427966);
INSERT INTO Dati (Rilevazione, Temperatura, Umidita, Ph, FoglieDanneggiate, SuperficieFoglieDanneggiate, Fiori, Frutti, AltezzaPianta, LunghezzaRadice) VALUES ('79', 24.294602862742483, 38.327883041605816, 7.369073585068635, 10, 27.464971909095258, 7, 18, 97.07139562275819, 179.22756915641193);
INSERT INTO Dati (Rilevazione, Temperatura, Umidita, Ph, FoglieDanneggiate, SuperficieFoglieDanneggiate, Fiori, Frutti, AltezzaPianta, LunghezzaRadice) VALUES ('80', 14.533340178616063, 69.7992662152353, 7.661172609492262, 2, 74.94786760791006, 8, 48, 70.2108353737693, 49.99625039154599);
INSERT INTO Dati (Rilevazione, Temperatura, Umidita, Ph, FoglieDanneggiate, SuperficieFoglieDanneggiate, Fiori, Frutti, AltezzaPianta, LunghezzaRadice) VALUES ('81', 25.15746589173213, 68.4344720339549, 6.114174788070817, 10, 59.79929359814737, 10, 12, 111.16781351072862, 129.47526505752853);
INSERT INTO Dati (Rilevazione, Temperatura, Umidita, Ph, FoglieDanneggiate, SuperficieFoglieDanneggiate, Fiori, Frutti, AltezzaPianta, LunghezzaRadice) VALUES ('82', 19.592976110619553, 49.42615374160514, 7.465710631707401, 9, 47.73829912049943, 10, 11, 182.41367932217128, 69.14527327335577);
INSERT INTO Dati (Rilevazione, Temperatura, Umidita, Ph, FoglieDanneggiate, SuperficieFoglieDanneggiate, Fiori, Frutti, AltezzaPianta, LunghezzaRadice) VALUES ('83', 13.09885352092897, 68.48282407722161, 7.198582979683125, 4, 14.964036724481279, 2, 18, 142.46942213653836, 154.41349715194096);
INSERT INTO Dati (Rilevazione, Temperatura, Umidita, Ph, FoglieDanneggiate, SuperficieFoglieDanneggiate, Fiori, Frutti, AltezzaPianta, LunghezzaRadice) VALUES ('84', 22.305119061695848, 74.59087570703534, 5.399158491511654, 0, 44.8318857216923, 16, 24, 56.54414258868712, 22.584350234394748);
INSERT INTO Dati (Rilevazione, Temperatura, Umidita, Ph, FoglieDanneggiate, SuperficieFoglieDanneggiate, Fiori, Frutti, AltezzaPianta, LunghezzaRadice) VALUES ('85', 28.59973394769584, 78.38781010496399, 5.455159102538279, 5, 74.14644141352834, 11, 8, 141.56742726510174, 124.94219879769659);
INSERT INTO Dati (Rilevazione, Temperatura, Umidita, Ph, FoglieDanneggiate, SuperficieFoglieDanneggiate, Fiori, Frutti, AltezzaPianta, LunghezzaRadice) VALUES ('86', 10.426037178716253, 32.678134425342755, 6.170317725418087, 1, 26.606843737747354, 13, 6, 154.56232840417047, 138.40058151324192);
INSERT INTO Dati (Rilevazione, Temperatura, Umidita, Ph, FoglieDanneggiate, SuperficieFoglieDanneggiate, Fiori, Frutti, AltezzaPianta, LunghezzaRadice) VALUES ('87', 23.77334805244756, 67.470464720601, 7.652091353396545, 1, 71.03520758088261, 8, 48, 64.1126325139343, 74.34447924501006);
INSERT INTO Dati (Rilevazione, Temperatura, Umidita, Ph, FoglieDanneggiate, SuperficieFoglieDanneggiate, Fiori, Frutti, AltezzaPianta, LunghezzaRadice) VALUES ('88', 24.064839072535104, 33.312139822489954, 7.620134558318982, 10, 57.82444840509962, 16, 8, 90.89886837372208, 109.908923998942);
INSERT INTO Dati (Rilevazione, Temperatura, Umidita, Ph, FoglieDanneggiate, SuperficieFoglieDanneggiate, Fiori, Frutti, AltezzaPianta, LunghezzaRadice) VALUES ('89', 15.743913114961801, 56.09226569361774, 6.507941182479275, 8, 34.055155175069295, 13, 5, 91.77039764941557, 106.03209342665858);
INSERT INTO Dati (Rilevazione, Temperatura, Umidita, Ph, FoglieDanneggiate, SuperficieFoglieDanneggiate, Fiori, Frutti, AltezzaPianta, LunghezzaRadice) VALUES ('90', 17.28445661850528, 62.174203266801115, 6.3015398659625115, 5, 57.44067124136515, 7, 11, 100.98706347815688, 36.69011962678351);
INSERT INTO Dati (Rilevazione, Temperatura, Umidita, Ph, FoglieDanneggiate, SuperficieFoglieDanneggiate, Fiori, Frutti, AltezzaPianta, LunghezzaRadice) VALUES ('91', 21.812784151526312, 77.49455043912602, 5.896912722810507, 1, 84.69949272443228, 9, 41, 12.990097038266864, 153.49375813000793);
INSERT INTO Dati (Rilevazione, Temperatura, Umidita, Ph, FoglieDanneggiate, SuperficieFoglieDanneggiate, Fiori, Frutti, AltezzaPianta, LunghezzaRadice) VALUES ('92', 26.5748613192278, 49.49740993607499, 6.610581890314389, 8, 25.188312912883138, 7, 49, 101.47950134177167, 162.908665169588);
INSERT INTO Dati (Rilevazione, Temperatura, Umidita, Ph, FoglieDanneggiate, SuperficieFoglieDanneggiate, Fiori, Frutti, AltezzaPianta, LunghezzaRadice) VALUES ('93', 12.913466491364831, 31.695777045946024, 5.435299191733619, 4, 22.76124634863924, 3, 2, 122.78882961732472, 45.7207254783822);
INSERT INTO Dati (Rilevazione, Temperatura, Umidita, Ph, FoglieDanneggiate, SuperficieFoglieDanneggiate, Fiori, Frutti, AltezzaPianta, LunghezzaRadice) VALUES ('94', 18.485390400393158, 52.46945467337055, 7.310902345037414, 8, 46.12792399003362, 13, 33, 171.1865625867325, 39.72194704170515);
INSERT INTO Dati (Rilevazione, Temperatura, Umidita, Ph, FoglieDanneggiate, SuperficieFoglieDanneggiate, Fiori, Frutti, AltezzaPianta, LunghezzaRadice) VALUES ('95', 27.876039420017584, 75.47608716730795, 5.547450979459117, 9, 31.1783156166082, 11, 37, 150.36035382585976, 131.40650227967535);
INSERT INTO Dati (Rilevazione, Temperatura, Umidita, Ph, FoglieDanneggiate, SuperficieFoglieDanneggiate, Fiori, Frutti, AltezzaPianta, LunghezzaRadice) VALUES ('96', 17.72090512601841, 38.811492760804526, 7.381975048406193, 1, 90.50225233867165, 15, 23, 197.37843910718314, 113.32510845678506);
INSERT INTO Dati (Rilevazione, Temperatura, Umidita, Ph, FoglieDanneggiate, SuperficieFoglieDanneggiate, Fiori, Frutti, AltezzaPianta, LunghezzaRadice) VALUES ('97', 12.8926467164435, 71.42189222929228, 7.8921183751076915, 0, 55.12161300182588, 11, 45, 137.6239944520898, 133.3854606699523);
INSERT INTO Dati (Rilevazione, Temperatura, Umidita, Ph, FoglieDanneggiate, SuperficieFoglieDanneggiate, Fiori, Frutti, AltezzaPianta, LunghezzaRadice) VALUES ('98', 23.134188786562316, 31.23454256890549, 7.623393799949174, 5, 88.98694701709795, 1, 22, 35.50975515046812, 170.82195850373944);
INSERT INTO Dati (Rilevazione, Temperatura, Umidita, Ph, FoglieDanneggiate, SuperficieFoglieDanneggiate, Fiori, Frutti, AltezzaPianta, LunghezzaRadice) VALUES ('99', 25.80652289380648, 43.932380941558634, 5.506283434413241, 8, 51.94692118046529, 8, 23, 187.8234653916524, 89.77774085484353);
INSERT INTO Dati (Rilevazione, Temperatura, Umidita, Ph, FoglieDanneggiate, SuperficieFoglieDanneggiate, Fiori, Frutti, AltezzaPianta, LunghezzaRadice) VALUES ('100', 25.094140803062054, 60.333728495843324, 7.193684453684053, 2, 32.04370828305502, 4, 11, 50.546525794567785, 129.47669458063976);
INSERT INTO Responsabile (Rilevazione, InserimentoPersona, RilevatorePersona, InserimentoClasse, RilevatoreClasse) VALUES ('1', 'galassogianvecchio@example.net', NULL, NULL, NULL);
INSERT INTO Responsabile (Rilevazione, InserimentoPersona, RilevatorePersona, InserimentoClasse, RilevatoreClasse) VALUES ('2', 'bonolisflavia@example.org', NULL, NULL, NULL);
INSERT INTO Responsabile (Rilevazione, InserimentoPersona, RilevatorePersona, InserimentoClasse, RilevatoreClasse) VALUES ('3', NULL, NULL, 9368372611, NULL);
INSERT INTO Responsabile (Rilevazione, InserimentoPersona, RilevatorePersona, InserimentoClasse, RilevatoreClasse) VALUES ('4', 'tboezio@example.net', NULL, NULL, '2190414254');
INSERT INTO Responsabile (Rilevazione, InserimentoPersona, RilevatorePersona, InserimentoClasse, RilevatoreClasse) VALUES ('5', 'cutruforicciotti@example.com', NULL, NULL, NULL);
INSERT INTO Responsabile (Rilevazione, InserimentoPersona, RilevatorePersona, InserimentoClasse, RilevatoreClasse) VALUES ('6', NULL, 'vlanfranchi@example.com', '5107751', NULL);
INSERT INTO Responsabile (Rilevazione, InserimentoPersona, RilevatorePersona, InserimentoClasse, RilevatoreClasse) VALUES ('7', NULL, NULL, 9797519242, NULL);
INSERT INTO Responsabile (Rilevazione, InserimentoPersona, RilevatorePersona, InserimentoClasse, RilevatoreClasse) VALUES ('8', NULL, 'imarazzi@example.org', '2190414254', NULL);
INSERT INTO Responsabile (Rilevazione, InserimentoPersona, RilevatorePersona, InserimentoClasse, RilevatoreClasse) VALUES ('9', NULL, NULL, 3440231164, NULL);
INSERT INTO Responsabile (Rilevazione, InserimentoPersona, RilevatorePersona, InserimentoClasse, RilevatoreClasse) VALUES ('10', NULL, 'tboezio@example.net', '5107751', NULL);
INSERT INTO Responsabile (Rilevazione, InserimentoPersona, RilevatorePersona, InserimentoClasse, RilevatoreClasse) VALUES ('11', NULL, 'luriafrancesco@example.com', '9675059021', NULL);
INSERT INTO Responsabile (Rilevazione, InserimentoPersona, RilevatorePersona, InserimentoClasse, RilevatoreClasse) VALUES ('12', NULL, NULL, 9232383086, NULL);
INSERT INTO Responsabile (Rilevazione, InserimentoPersona, RilevatorePersona, InserimentoClasse, RilevatoreClasse) VALUES ('13', 'gilberto22@example.net', NULL, NULL, '4688505633');
INSERT INTO Responsabile (Rilevazione, InserimentoPersona, RilevatorePersona, InserimentoClasse, RilevatoreClasse) VALUES ('14', 'viridianatoldo@example.com', NULL, NULL, NULL);
INSERT INTO Responsabile (Rilevazione, InserimentoPersona, RilevatorePersona, InserimentoClasse, RilevatoreClasse) VALUES ('15', NULL, NULL, 4681274763, NULL);
INSERT INTO Responsabile (Rilevazione, InserimentoPersona, RilevatorePersona, InserimentoClasse, RilevatoreClasse) VALUES ('16', NULL, NULL, 9368372611, NULL);
INSERT INTO Responsabile (Rilevazione, InserimentoPersona, RilevatorePersona, InserimentoClasse, RilevatoreClasse) VALUES ('17', 'galassogianvecchio@example.net', NULL, NULL, '1415073424');
INSERT INTO Responsabile (Rilevazione, InserimentoPersona, RilevatorePersona, InserimentoClasse, RilevatoreClasse) VALUES ('18', NULL, NULL, 9368372611, NULL);
INSERT INTO Responsabile (Rilevazione, InserimentoPersona, RilevatorePersona, InserimentoClasse, RilevatoreClasse) VALUES ('19', 'marisapagnotto@example.com', NULL, NULL, NULL);
INSERT INTO Responsabile (Rilevazione, InserimentoPersona, RilevatorePersona, InserimentoClasse, RilevatoreClasse) VALUES ('20', 'alphons80@example.net', NULL, NULL, NULL);
INSERT INTO Responsabile (Rilevazione, InserimentoPersona, RilevatorePersona, InserimentoClasse, RilevatoreClasse) VALUES ('21', NULL, NULL, 9675059021, NULL);
INSERT INTO Responsabile (Rilevazione, InserimentoPersona, RilevatorePersona, InserimentoClasse, RilevatoreClasse) VALUES ('22', NULL, NULL, 1312106205, NULL);
INSERT INTO Responsabile (Rilevazione, InserimentoPersona, RilevatorePersona, InserimentoClasse, RilevatoreClasse) VALUES ('23', 'onioansaldo@example.com', NULL, NULL, '2190414254');
INSERT INTO Responsabile (Rilevazione, InserimentoPersona, RilevatorePersona, InserimentoClasse, RilevatoreClasse) VALUES ('24', 'donatomonduzzi@example.com', NULL, NULL, NULL);
INSERT INTO Responsabile (Rilevazione, InserimentoPersona, RilevatorePersona, InserimentoClasse, RilevatoreClasse) VALUES ('25', 'giovanna43@example.net', NULL, NULL, NULL);
INSERT INTO Responsabile (Rilevazione, InserimentoPersona, RilevatorePersona, InserimentoClasse, RilevatoreClasse) VALUES ('26', NULL, NULL, 1312106205, NULL);
INSERT INTO Responsabile (Rilevazione, InserimentoPersona, RilevatorePersona, InserimentoClasse, RilevatoreClasse) VALUES ('27', NULL, 'ubertopiovani@example.net', '2190414254', NULL);
INSERT INTO Responsabile (Rilevazione, InserimentoPersona, RilevatorePersona, InserimentoClasse, RilevatoreClasse) VALUES ('28', NULL, 'eleanorazola@example.com', '9368372611', NULL);
INSERT INTO Responsabile (Rilevazione, InserimentoPersona, RilevatorePersona, InserimentoClasse, RilevatoreClasse) VALUES ('29', NULL, NULL, 1806216347, NULL);
INSERT INTO Responsabile (Rilevazione, InserimentoPersona, RilevatorePersona, InserimentoClasse, RilevatoreClasse) VALUES ('30', NULL, NULL, 1415073424, NULL);
INSERT INTO Responsabile (Rilevazione, InserimentoPersona, RilevatorePersona, InserimentoClasse, RilevatoreClasse) VALUES ('31', NULL, NULL, 9797519242, NULL);
INSERT INTO Responsabile (Rilevazione, InserimentoPersona, RilevatorePersona, InserimentoClasse, RilevatoreClasse) VALUES ('32', 'rosselligraziano@example.org', NULL, NULL, NULL);
INSERT INTO Responsabile (Rilevazione, InserimentoPersona, RilevatorePersona, InserimentoClasse, RilevatoreClasse) VALUES ('33', 'camiscionedonatella@example.org', NULL, NULL, '9675059021');
INSERT INTO Responsabile (Rilevazione, InserimentoPersona, RilevatorePersona, InserimentoClasse, RilevatoreClasse) VALUES ('34', 'giuliana32@example.org', NULL, NULL, '4688505633');
INSERT INTO Responsabile (Rilevazione, InserimentoPersona, RilevatorePersona, InserimentoClasse, RilevatoreClasse) VALUES ('35', 'pbragadin@example.com', NULL, NULL, '2190414254');
INSERT INTO Responsabile (Rilevazione, InserimentoPersona, RilevatorePersona, InserimentoClasse, RilevatoreClasse) VALUES ('36', NULL, 'teresa37@example.com', '9675059021', NULL);
INSERT INTO Responsabile (Rilevazione, InserimentoPersona, RilevatorePersona, InserimentoClasse, RilevatoreClasse) VALUES ('37', 'donna34@example.net', NULL, NULL, '9675059021');
INSERT INTO Responsabile (Rilevazione, InserimentoPersona, RilevatorePersona, InserimentoClasse, RilevatoreClasse) VALUES ('38', 'giannibruscantini@example.org', NULL, NULL, NULL);
INSERT INTO Responsabile (Rilevazione, InserimentoPersona, RilevatorePersona, InserimentoClasse, RilevatoreClasse) VALUES ('39', NULL, NULL, 9675059021, NULL);
INSERT INTO Responsabile (Rilevazione, InserimentoPersona, RilevatorePersona, InserimentoClasse, RilevatoreClasse) VALUES ('40', 'sophiasalvo@example.net', NULL, NULL, NULL);
INSERT INTO Responsabile (Rilevazione, InserimentoPersona, RilevatorePersona, InserimentoClasse, RilevatoreClasse) VALUES ('41', NULL, NULL, 9232383086, NULL);
INSERT INTO Responsabile (Rilevazione, InserimentoPersona, RilevatorePersona, InserimentoClasse, RilevatoreClasse) VALUES ('42', 'leopoldomanunta@example.com', NULL, NULL, NULL);
INSERT INTO Responsabile (Rilevazione, InserimentoPersona, RilevatorePersona, InserimentoClasse, RilevatoreClasse) VALUES ('43', NULL, NULL, 4681274763, NULL);
INSERT INTO Responsabile (Rilevazione, InserimentoPersona, RilevatorePersona, InserimentoClasse, RilevatoreClasse) VALUES ('44', 'rosselligraziano@example.org', NULL, NULL, NULL);
INSERT INTO Responsabile (Rilevazione, InserimentoPersona, RilevatorePersona, InserimentoClasse, RilevatoreClasse) VALUES ('45', 'pbiagiotti@example.org', NULL, NULL, NULL);
INSERT INTO Responsabile (Rilevazione, InserimentoPersona, RilevatorePersona, InserimentoClasse, RilevatoreClasse) VALUES ('46', NULL, NULL, 5107751, NULL);
INSERT INTO Responsabile (Rilevazione, InserimentoPersona, RilevatorePersona, InserimentoClasse, RilevatoreClasse) VALUES ('47', 'onioansaldo@example.com', NULL, NULL, NULL);
INSERT INTO Responsabile (Rilevazione, InserimentoPersona, RilevatorePersona, InserimentoClasse, RilevatoreClasse) VALUES ('48', NULL, 'rosselligraziano@example.org', '2190414254', NULL);
INSERT INTO Responsabile (Rilevazione, InserimentoPersona, RilevatorePersona, InserimentoClasse, RilevatoreClasse) VALUES ('49', 'imelda48@example.net', NULL, NULL, '1806216347');
INSERT INTO Responsabile (Rilevazione, InserimentoPersona, RilevatorePersona, InserimentoClasse, RilevatoreClasse) VALUES ('50', NULL, 'viridianatoldo@example.com', '460622201', NULL);
INSERT INTO Responsabile (Rilevazione, InserimentoPersona, RilevatorePersona, InserimentoClasse, RilevatoreClasse) VALUES ('51', NULL, 'ninetta79@example.org', '9232383086', NULL);
INSERT INTO Responsabile (Rilevazione, InserimentoPersona, RilevatorePersona, InserimentoClasse, RilevatoreClasse) VALUES ('52', 'pfermi@example.net', NULL, NULL, '3602167303');
INSERT INTO Responsabile (Rilevazione, InserimentoPersona, RilevatorePersona, InserimentoClasse, RilevatoreClasse) VALUES ('53', NULL, 'fernanda38@example.net', '1415073424', NULL);
INSERT INTO Responsabile (Rilevazione, InserimentoPersona, RilevatorePersona, InserimentoClasse, RilevatoreClasse) VALUES ('54', NULL, 'mariatamburi@example.net', '9350732316', NULL);
INSERT INTO Responsabile (Rilevazione, InserimentoPersona, RilevatorePersona, InserimentoClasse, RilevatoreClasse) VALUES ('55', NULL, 'gcollina@example.net', '460622201', NULL);
INSERT INTO Responsabile (Rilevazione, InserimentoPersona, RilevatorePersona, InserimentoClasse, RilevatoreClasse) VALUES ('56', NULL, NULL, 4688505633, NULL);
INSERT INTO Responsabile (Rilevazione, InserimentoPersona, RilevatorePersona, InserimentoClasse, RilevatoreClasse) VALUES ('57', NULL, NULL, 9745707021, NULL);
INSERT INTO Responsabile (Rilevazione, InserimentoPersona, RilevatorePersona, InserimentoClasse, RilevatoreClasse) VALUES ('58', NULL, 'marisapagnotto@example.com', '9797519242', NULL);
INSERT INTO Responsabile (Rilevazione, InserimentoPersona, RilevatorePersona, InserimentoClasse, RilevatoreClasse) VALUES ('59', NULL, NULL, 1312106205, NULL);
INSERT INTO Responsabile (Rilevazione, InserimentoPersona, RilevatorePersona, InserimentoClasse, RilevatoreClasse) VALUES ('60', NULL, NULL, 6506345654, NULL);
INSERT INTO Responsabile (Rilevazione, InserimentoPersona, RilevatorePersona, InserimentoClasse, RilevatoreClasse) VALUES ('61', NULL, NULL, 3543063714, NULL);
INSERT INTO Responsabile (Rilevazione, InserimentoPersona, RilevatorePersona, InserimentoClasse, RilevatoreClasse) VALUES ('62', 'gino39@example.net', NULL, NULL, NULL);
INSERT INTO Responsabile (Rilevazione, InserimentoPersona, RilevatorePersona, InserimentoClasse, RilevatoreClasse) VALUES ('63', 'giglipierina@example.org', NULL, NULL, '4688505633');
INSERT INTO Responsabile (Rilevazione, InserimentoPersona, RilevatorePersona, InserimentoClasse, RilevatoreClasse) VALUES ('64', NULL, 'tboezio@example.net', '4681274763', NULL);
INSERT INTO Responsabile (Rilevazione, InserimentoPersona, RilevatorePersona, InserimentoClasse, RilevatoreClasse) VALUES ('65', 'patrizio83@example.com', NULL, NULL, NULL);
INSERT INTO Responsabile (Rilevazione, InserimentoPersona, RilevatorePersona, InserimentoClasse, RilevatoreClasse) VALUES ('66', 'griselda59@example.net', NULL, NULL, '9350732316');
INSERT INTO Responsabile (Rilevazione, InserimentoPersona, RilevatorePersona, InserimentoClasse, RilevatoreClasse) VALUES ('67', NULL, 'smengolo@example.org', '5107751', NULL);
INSERT INTO Responsabile (Rilevazione, InserimentoPersona, RilevatorePersona, InserimentoClasse, RilevatoreClasse) VALUES ('68', NULL, 'mariatamburi@example.net', '1415073424', NULL);
INSERT INTO Responsabile (Rilevazione, InserimentoPersona, RilevatorePersona, InserimentoClasse, RilevatoreClasse) VALUES ('69', NULL, NULL, 2190414254, NULL);
INSERT INTO Responsabile (Rilevazione, InserimentoPersona, RilevatorePersona, InserimentoClasse, RilevatoreClasse) VALUES ('70', NULL, 'pbiagiotti@example.org', '4681274763', NULL);
INSERT INTO Responsabile (Rilevazione, InserimentoPersona, RilevatorePersona, InserimentoClasse, RilevatoreClasse) VALUES ('71', 'fabrizilicia@example.net', NULL, NULL, '9675059021');
INSERT INTO Responsabile (Rilevazione, InserimentoPersona, RilevatorePersona, InserimentoClasse, RilevatoreClasse) VALUES ('72', NULL, 'bmolesini@example.com', '1806216347', NULL);
INSERT INTO Responsabile (Rilevazione, InserimentoPersona, RilevatorePersona, InserimentoClasse, RilevatoreClasse) VALUES ('73', 'corrermilo@example.com', NULL, NULL, NULL);
INSERT INTO Responsabile (Rilevazione, InserimentoPersona, RilevatorePersona, InserimentoClasse, RilevatoreClasse) VALUES ('74', NULL, NULL, 3440231164, NULL);
INSERT INTO Responsabile (Rilevazione, InserimentoPersona, RilevatorePersona, InserimentoClasse, RilevatoreClasse) VALUES ('75', 'fgranatelli@example.net', NULL, NULL, NULL);
INSERT INTO Responsabile (Rilevazione, InserimentoPersona, RilevatorePersona, InserimentoClasse, RilevatoreClasse) VALUES ('76', NULL, NULL, 9745707021, NULL);
INSERT INTO Responsabile (Rilevazione, InserimentoPersona, RilevatorePersona, InserimentoClasse, RilevatoreClasse) VALUES ('77', NULL, NULL, 9797519242, NULL);
INSERT INTO Responsabile (Rilevazione, InserimentoPersona, RilevatorePersona, InserimentoClasse, RilevatoreClasse) VALUES ('78', 'mariatamburi@example.net', NULL, NULL, '1806216347');
INSERT INTO Responsabile (Rilevazione, InserimentoPersona, RilevatorePersona, InserimentoClasse, RilevatoreClasse) VALUES ('79', NULL, NULL, 2190414254, NULL);
INSERT INTO Responsabile (Rilevazione, InserimentoPersona, RilevatorePersona, InserimentoClasse, RilevatoreClasse) VALUES ('80', NULL, 'alphons80@example.net', '9675059021', NULL);
INSERT INTO Responsabile (Rilevazione, InserimentoPersona, RilevatorePersona, InserimentoClasse, RilevatoreClasse) VALUES ('81', NULL, 'ipasolini@example.org', '460622201', NULL);
INSERT INTO Responsabile (Rilevazione, InserimentoPersona, RilevatorePersona, InserimentoClasse, RilevatoreClasse) VALUES ('82', 'mariatamburi@example.net', NULL, NULL, '3543063714');
INSERT INTO Responsabile (Rilevazione, InserimentoPersona, RilevatorePersona, InserimentoClasse, RilevatoreClasse) VALUES ('83', 'ivopiane@example.com', NULL, NULL, NULL);
INSERT INTO Responsabile (Rilevazione, InserimentoPersona, RilevatorePersona, InserimentoClasse, RilevatoreClasse) VALUES ('84', 'ubertopiovani@example.net', NULL, NULL, NULL);
INSERT INTO Responsabile (Rilevazione, InserimentoPersona, RilevatorePersona, InserimentoClasse, RilevatoreClasse) VALUES ('85', 'berrelivia@example.com', NULL, NULL, '9350732316');
INSERT INTO Responsabile (Rilevazione, InserimentoPersona, RilevatorePersona, InserimentoClasse, RilevatoreClasse) VALUES ('86', 'camannigiampiero@example.net', NULL, NULL, '9368372611');
INSERT INTO Responsabile (Rilevazione, InserimentoPersona, RilevatorePersona, InserimentoClasse, RilevatoreClasse) VALUES ('87', NULL, 'camiscionedonatella@example.org', '4688505633', NULL);
INSERT INTO Responsabile (Rilevazione, InserimentoPersona, RilevatorePersona, InserimentoClasse, RilevatoreClasse) VALUES ('88', NULL, NULL, 3440231164, NULL);
INSERT INTO Responsabile (Rilevazione, InserimentoPersona, RilevatorePersona, InserimentoClasse, RilevatoreClasse) VALUES ('89', 'pbragadin@example.com', NULL, NULL, '2190414254');
INSERT INTO Responsabile (Rilevazione, InserimentoPersona, RilevatorePersona, InserimentoClasse, RilevatoreClasse) VALUES ('90', 'agostino55@example.net', NULL, NULL, '1415073424');
INSERT INTO Responsabile (Rilevazione, InserimentoPersona, RilevatorePersona, InserimentoClasse, RilevatoreClasse) VALUES ('91', NULL, NULL, 4688505633, NULL);
INSERT INTO Responsabile (Rilevazione, InserimentoPersona, RilevatorePersona, InserimentoClasse, RilevatoreClasse) VALUES ('92', 'camannigiampiero@example.net', NULL, NULL, NULL);
INSERT INTO Responsabile (Rilevazione, InserimentoPersona, RilevatorePersona, InserimentoClasse, RilevatoreClasse) VALUES ('93', 'milenaraimondi@example.net', NULL, NULL, NULL);
INSERT INTO Responsabile (Rilevazione, InserimentoPersona, RilevatorePersona, InserimentoClasse, RilevatoreClasse) VALUES ('94', 'bmolesini@example.com', NULL, NULL, '460622201');
INSERT INTO Responsabile (Rilevazione, InserimentoPersona, RilevatorePersona, InserimentoClasse, RilevatoreClasse) VALUES ('95', NULL, 'imelda48@example.net', '2190414254', NULL);
INSERT INTO Responsabile (Rilevazione, InserimentoPersona, RilevatorePersona, InserimentoClasse, RilevatoreClasse) VALUES ('96', NULL, NULL, 6870052597, NULL);
INSERT INTO Responsabile (Rilevazione, InserimentoPersona, RilevatorePersona, InserimentoClasse, RilevatoreClasse) VALUES ('97', NULL, 'renatapavarotti@example.net', '3440231164', NULL);
INSERT INTO Responsabile (Rilevazione, InserimentoPersona, RilevatorePersona, InserimentoClasse, RilevatoreClasse) VALUES ('98', NULL, NULL, 9675059021, NULL);
INSERT INTO Responsabile (Rilevazione, InserimentoPersona, RilevatorePersona, InserimentoClasse, RilevatoreClasse) VALUES ('99', NULL, 'bmolesini@example.com', '9797519242', NULL);
INSERT INTO Responsabile (Rilevazione, InserimentoPersona, RilevatorePersona, InserimentoClasse, RilevatoreClasse) VALUES ('100', 'sommarugastella@example.com', NULL, NULL, '1806216347');
