SET search_path TO 'OrtiScolastici'
SET datestyle TO 'MDY'
SET timezone TO 'GMT'
INSERT INTO Scuola (Cod_Meccanografico, NomeScuola, CicloIstruzione, Comune, Provincia, Collabora, Finanziamento, Dirigente, Referente) VALUES ('3215804860', 'Aloisio-Alighieri Group', 2, 'Monasterolo', 'Reggio Emilia', False, 'sint', 'ranieri66@example.com', 'ranieri66@example.com');
INSERT INTO Scuola (Cod_Meccanografico, NomeScuola, CicloIstruzione, Comune, Provincia, Collabora, Finanziamento, Dirigente, Referente) VALUES ('1790279335', 'Cilea-Luciani s.r.l.', 2, 'Le Mosse', 'Sassari', True, 'eum', 'fbenussi@example.net', 'fbenussi@example.net');
INSERT INTO Scuola (Cod_Meccanografico, NomeScuola, CicloIstruzione, Comune, Provincia, Collabora, Finanziamento, Dirigente, Referente) VALUES ('1188652463', 'Barzini-Modigliani SPA', 2, 'Stignano', 'Lecce', True, 'aliquam', 'tonino49@example.com', 'tonino49@example.com');
INSERT INTO Scuola (Cod_Meccanografico, NomeScuola, CicloIstruzione, Comune, Provincia, Collabora, Finanziamento, Dirigente, Referente) VALUES ('9540868116', 'Cremonesi SPA', 1, 'Castelpizzuto', 'Pescara', False, 'porro', 'bramanteromina@example.org', 'bramanteromina@example.org');
INSERT INTO Scuola (Cod_Meccanografico, NomeScuola, CicloIstruzione, Comune, Provincia, Collabora, Finanziamento, Dirigente, Referente) VALUES ('8638511181', 'Caccioppoli e figli', 1, 'Auer', 'Bergamo', False, 'nostrum', 'otozzo@example.net', 'otozzo@example.net');
INSERT INTO Scuola (Cod_Meccanografico, NomeScuola, CicloIstruzione, Comune, Provincia, Collabora, Finanziamento, Dirigente, Referente) VALUES ('7575027266', 'Tamburini-Manunta SPA', 2, 'Laion', 'Verbano-Cusio-Ossola', False, 'fugit', 'kmaglio@example.net', 'kmaglio@example.net');
INSERT INTO Scuola (Cod_Meccanografico, NomeScuola, CicloIstruzione, Comune, Provincia, Collabora, Finanziamento, Dirigente, Referente) VALUES ('246218167', 'Soffici-Vasari s.r.l.', 1, 'Gattaiola', 'Cosenza', True, 'delectus', 'mircochechi@example.net', 'mircochechi@example.net');
INSERT INTO Scuola (Cod_Meccanografico, NomeScuola, CicloIstruzione, Comune, Provincia, Collabora, Finanziamento, Dirigente, Referente) VALUES ('1270082567', 'Trillini, Petralli e Perini Group', 2, 'Villasor', 'Monza e della Brianza', True, 'eligendi', 'francesca34@example.net', 'francesca34@example.net');
INSERT INTO Scuola (Cod_Meccanografico, NomeScuola, CicloIstruzione, Comune, Provincia, Collabora, Finanziamento, Dirigente, Referente) VALUES ('8475786702', 'Orengo, Barbarigo e Spinelli e figli', 1, 'Ville Sur Nus', 'Trento', True, 'quis', 'leonegiacconi@example.org', 'leonegiacconi@example.org');
INSERT INTO Scuola (Cod_Meccanografico, NomeScuola, CicloIstruzione, Comune, Provincia, Collabora, Finanziamento, Dirigente, Referente) VALUES ('133515541', 'Boccherini, Casarin e Sauro Group', 1, 'Chiaiano Ed Uniti', 'Trento', False, 'optio', 'baroffiogiosue@example.org', 'baroffiogiosue@example.org');
INSERT INTO Classe (IdClasse, Sezione, Scuola, Ordine, TipoScuola, Docente) VALUES ('8489712252', 'h', '3215804860', 1, 'repellat', 'lodovicopedersoli@example.net');
INSERT INTO Classe (IdClasse, Sezione, Scuola, Ordine, TipoScuola, Docente) VALUES ('6419372397', 'G', '3215804860', 1, 'enim', 'romeo28@example.org');
INSERT INTO Classe (IdClasse, Sezione, Scuola, Ordine, TipoScuola, Docente) VALUES ('7003944217', 'V', '1188652463', 2, 'vitae', 'collinabiagio@example.net');
INSERT INTO Classe (IdClasse, Sezione, Scuola, Ordine, TipoScuola, Docente) VALUES ('4616231847', 'Z', '1188652463', 2, 'tenetur', 'luchino87@example.com');
INSERT INTO Classe (IdClasse, Sezione, Scuola, Ordine, TipoScuola, Docente) VALUES ('3079036912', 'M', '8638511181', 1, 'dignissimos', 'agostininiccolo@example.com');
INSERT INTO Classe (IdClasse, Sezione, Scuola, Ordine, TipoScuola, Docente) VALUES ('4557524522', 'G', '8638511181', 2, 'dolorum', 'linaammaniti@example.net');
INSERT INTO Classe (IdClasse, Sezione, Scuola, Ordine, TipoScuola, Docente) VALUES ('1165214472', 'v', '246218167', 2, 'harum', 'eugeniagabba@example.com');
INSERT INTO Classe (IdClasse, Sezione, Scuola, Ordine, TipoScuola, Docente) VALUES ('6779927080', 'k', '246218167', 2, 'eos', 'romeo28@example.org');
INSERT INTO Classe (IdClasse, Sezione, Scuola, Ordine, TipoScuola, Docente) VALUES ('4514353766', 'K', '8475786702', 2, 'at', 'korengo@example.com');
INSERT INTO Classe (IdClasse, Sezione, Scuola, Ordine, TipoScuola, Docente) VALUES ('2242374436', 'p', '8475786702', 1, 'minima', 'margherita71@example.net');
INSERT INTO Classe (IdClasse, Sezione, Scuola, Ordine, TipoScuola, Docente) VALUES ('6492245177', 'x', '133515541', 2, 'vel', 'vfalier@example.org');
INSERT INTO Classe (IdClasse, Sezione, Scuola, Ordine, TipoScuola, Docente) VALUES ('5098535728', 'G', '133515541', 1, 'natus', 'ctresoldi@example.com');
INSERT INTO Classe (IdClasse, Sezione, Scuola, Ordine, TipoScuola, Docente) VALUES ('1236767860', 't', '133515541', 1, 'voluptatibus', 'agostininiccolo@example.com');
INSERT INTO Classe (IdClasse, Sezione, Scuola, Ordine, TipoScuola, Docente) VALUES ('4505011482', 'w', '133515541', 2, 'quibusdam', 'sermontigaetano@example.org');
INSERT INTO Classe (IdClasse, Sezione, Scuola, Ordine, TipoScuola, Docente) VALUES ('416559362', 'u', '133515541', 2, 'nam', 'rominazola@example.net');
INSERT INTO Classe (IdClasse, Sezione, Scuola, Ordine, TipoScuola, Docente) VALUES ('9928180072', 'I', '133515541', 1, 'voluptate', 'giovanni33@example.net');
INSERT INTO Classe (IdClasse, Sezione, Scuola, Ordine, TipoScuola, Docente) VALUES ('2085626055', 'y', '133515541', 2, 'autem', 'fabriziafibonacci@example.com');
INSERT INTO Classe (IdClasse, Sezione, Scuola, Ordine, TipoScuola, Docente) VALUES ('3126979109', 'c', '133515541', 2, 'eum', 'xbarillaro@example.net');
INSERT INTO Classe (IdClasse, Sezione, Scuola, Ordine, TipoScuola, Docente) VALUES ('4495252674', 'y', '133515541', 2, 'a', 'orazio50@example.org');
INSERT INTO Specie (NomeScientifico, Substrato) VALUES ('facilis', 'SuoloPreEsistente');
INSERT INTO Specie (NomeScientifico, Substrato) VALUES ('accusantium', 'SuoloPreEsistente');
INSERT INTO Specie (NomeScientifico, Substrato) VALUES ('perspiciatis', 'SuoloPreEsistente');
INSERT INTO Specie (NomeScientifico, Substrato) VALUES ('modi', 'SuoloPreEsistente');
INSERT INTO Specie (NomeScientifico, Substrato) VALUES ('aut', 'TerriccioRinvaso');
INSERT INTO Specie (NomeScientifico, Substrato) VALUES ('in', 'TerriccioRinvaso');
INSERT INTO Specie (NomeScientifico, Substrato) VALUES ('perferendis', 'TerriccioRinvaso');
INSERT INTO Specie (NomeScientifico, Substrato) VALUES ('sunt', 'TerriccioRinvaso');
INSERT INTO Specie (NomeScientifico, Substrato) VALUES ('quidem', 'TerriccioRinvaso');
INSERT INTO Specie (NomeScientifico, Substrato) VALUES ('fuga', 'TerriccioRinvaso');
INSERT INTO Specie (NomeScientifico, Substrato) VALUES ('inventore', 'SuoloPreEsistente');
INSERT INTO Specie (NomeScientifico, Substrato) VALUES ('maxime', 'SuoloPreEsistente');
INSERT INTO Specie (NomeScientifico, Substrato) VALUES ('iste', 'TerriccioRinvaso');
INSERT INTO Specie (NomeScientifico, Substrato) VALUES ('dolorem', 'TerriccioRinvaso');
INSERT INTO Specie (NomeScientifico, Substrato) VALUES ('facere', 'SuoloPreEsistente');
INSERT INTO Specie (NomeScientifico, Substrato) VALUES ('et', 'SuoloPreEsistente');
INSERT INTO Specie (NomeScientifico, Substrato) VALUES ('labore', 'TerriccioRinvaso');
INSERT INTO Specie (NomeScientifico, Substrato) VALUES ('fugit', 'SuoloPreEsistente');
INSERT INTO Specie (NomeScientifico, Substrato) VALUES ('neque', 'SuoloPreEsistente');
INSERT INTO Specie (NomeScientifico, Substrato) VALUES ('minus', 'SuoloPreEsistente');
INSERT INTO Specie (NomeScientifico, Substrato) VALUES ('autem', 'TerriccioRinvaso');
INSERT INTO Specie (NomeScientifico, Substrato) VALUES ('ipsa', 'SuoloPreEsistente');
INSERT INTO Specie (NomeScientifico, Substrato) VALUES ('quasi', 'SuoloPreEsistente');
INSERT INTO Specie (NomeScientifico, Substrato) VALUES ('laboriosam', 'SuoloPreEsistente');
INSERT INTO Specie (NomeScientifico, Substrato) VALUES ('illo', 'SuoloPreEsistente');
INSERT INTO Specie (NomeScientifico, Substrato) VALUES ('nesciunt', 'SuoloPreEsistente');
INSERT INTO Specie (NomeScientifico, Substrato) VALUES ('commodi', 'SuoloPreEsistente');
INSERT INTO Specie (NomeScientifico, Substrato) VALUES ('porro', 'SuoloPreEsistente');
INSERT INTO Specie (NomeScientifico, Substrato) VALUES ('pariatur', 'SuoloPreEsistente');
INSERT INTO Specie (NomeScientifico, Substrato) VALUES ('enim', 'SuoloPreEsistente');
INSERT INTO Specie (NomeScientifico, Substrato) VALUES ('quam', 'SuoloPreEsistente');
INSERT INTO Specie (NomeScientifico, Substrato) VALUES ('aliquam', 'TerriccioRinvaso');
INSERT INTO Specie (NomeScientifico, Substrato) VALUES ('magni', 'TerriccioRinvaso');
INSERT INTO Specie (NomeScientifico, Substrato) VALUES ('totam', 'SuoloPreEsistente');
INSERT INTO Specie (NomeScientifico, Substrato) VALUES ('a', 'SuoloPreEsistente');
INSERT INTO Specie (NomeScientifico, Substrato) VALUES ('quis', 'TerriccioRinvaso');
INSERT INTO Specie (NomeScientifico, Substrato) VALUES ('cum', 'TerriccioRinvaso');
INSERT INTO Specie (NomeScientifico, Substrato) VALUES ('vitae', 'SuoloPreEsistente');
INSERT INTO Specie (NomeScientifico, Substrato) VALUES ('deserunt', 'SuoloPreEsistente');
INSERT INTO Specie (NomeScientifico, Substrato) VALUES ('saepe', 'SuoloPreEsistente');
INSERT INTO Specie (NomeScientifico, Substrato) VALUES ('rerum', 'TerriccioRinvaso');
INSERT INTO Specie (NomeScientifico, Substrato) VALUES ('magnam', 'SuoloPreEsistente');
INSERT INTO Specie (NomeScientifico, Substrato) VALUES ('explicabo', 'SuoloPreEsistente');
INSERT INTO Specie (NomeScientifico, Substrato) VALUES ('harum', 'SuoloPreEsistente');
INSERT INTO Specie (NomeScientifico, Substrato) VALUES ('libero', 'SuoloPreEsistente');
INSERT INTO Specie (NomeScientifico, Substrato) VALUES ('sint', 'TerriccioRinvaso');
INSERT INTO Specie (NomeScientifico, Substrato) VALUES ('impedit', 'TerriccioRinvaso');
INSERT INTO Specie (NomeScientifico, Substrato) VALUES ('delectus', 'TerriccioRinvaso');
INSERT INTO Specie (NomeScientifico, Substrato) VALUES ('eveniet', 'TerriccioRinvaso');
INSERT INTO Specie (NomeScientifico, Substrato) VALUES ('incidunt', 'TerriccioRinvaso');
INSERT INTO Orto (IdOrto, NomeOrto, Latitudine, Longitudine, Superficie, Posizione, CondizioneAmbientale, Specie, Scuola) VALUES ('1267463386', 'libero', '-29.784484', '-53.082020', '85.9728605860012', 'Vaso', 'Inquinato', 'perspiciatis', '133515541');
INSERT INTO Orto (IdOrto, NomeOrto, Latitudine, Longitudine, Superficie, Posizione, CondizioneAmbientale, Specie, Scuola) VALUES ('3414937972', 'quis', '69.724619', '-136.544253', '60.15798140872796', 'Vaso', 'Inquinato', 'a', '133515541');
INSERT INTO Orto (IdOrto, NomeOrto, Latitudine, Longitudine, Superficie, Posizione, CondizioneAmbientale, Specie, Scuola) VALUES ('2231454822', 'quasi', '-31.1588585', '-175.610891', '42.929719689715036', 'Terra', 'Inquinato', 'facilis', '1188652463');
INSERT INTO Orto (IdOrto, NomeOrto, Latitudine, Longitudine, Superficie, Posizione, CondizioneAmbientale, Specie, Scuola) VALUES ('7140627559', 'fugiat', '50.569873', '39.048922', '82.92175096710773', 'Vaso', 'Inquinato', 'aliquam', '9540868116');
INSERT INTO Orto (IdOrto, NomeOrto, Latitudine, Longitudine, Superficie, Posizione, CondizioneAmbientale, Specie, Scuola) VALUES ('4302722083', 'iure', '34.3092175', '-93.061391', '84.03920840973723', 'Vaso', 'Inquinato', 'quasi', '8475786702');
INSERT INTO Orto (IdOrto, NomeOrto, Latitudine, Longitudine, Superficie, Posizione, CondizioneAmbientale, Specie, Scuola) VALUES ('1901647953', 'est', '-2.0386075', '-58.817372', '96.27417858587366', 'Vaso', 'Inquinato', 'modi', '246218167');
INSERT INTO Orto (IdOrto, NomeOrto, Latitudine, Longitudine, Superficie, Posizione, CondizioneAmbientale, Specie, Scuola) VALUES ('4229812469', 'officiis', '42.457172', '-148.648640', '22.356618042326648', 'Terra', 'Inquinato', 'sint', '246218167');
INSERT INTO Orto (IdOrto, NomeOrto, Latitudine, Longitudine, Superficie, Posizione, CondizioneAmbientale, Specie, Scuola) VALUES ('64576158', 'commodi', '67.0329565', '-63.973187', '71.37543679471717', 'Vaso', 'Inquinato', 'harum', '8638511181');
INSERT INTO Orto (IdOrto, NomeOrto, Latitudine, Longitudine, Superficie, Posizione, CondizioneAmbientale, Specie, Scuola) VALUES ('9190094594', 'atque', '-16.996742', '-134.160091', '25.650084996265587', 'Vaso', 'Inquinato', 'incidunt', '1270082567');
INSERT INTO Orto (IdOrto, NomeOrto, Latitudine, Longitudine, Superficie, Posizione, CondizioneAmbientale, Specie, Scuola) VALUES ('2458881357', 'eos', '56.9845785', '-168.844391', '81.45921489421168', 'Terra', 'Pulito', 'nesciunt', '1188652463');
INSERT INTO Orto (IdOrto, NomeOrto, Latitudine, Longitudine, Superficie, Posizione, CondizioneAmbientale, Specie, Scuola) VALUES ('1824488381', 'veniam', '14.752001', '64.277821', '40.05446158795687', 'Vaso', 'Pulito', 'perferendis', '246218167');
INSERT INTO Orto (IdOrto, NomeOrto, Latitudine, Longitudine, Superficie, Posizione, CondizioneAmbientale, Specie, Scuola) VALUES ('7096059422', 'natus', '18.4748525', '-19.058051', '75.61348116387522', 'Terra', 'Inquinato', 'libero', '1790279335');
INSERT INTO Orto (IdOrto, NomeOrto, Latitudine, Longitudine, Superficie, Posizione, CondizioneAmbientale, Specie, Scuola) VALUES ('8315260937', 'quae', '-76.9411325', '13.408180', '99.31956914444812', 'Vaso', 'Inquinato', 'iste', '3215804860');
INSERT INTO Orto (IdOrto, NomeOrto, Latitudine, Longitudine, Superficie, Posizione, CondizioneAmbientale, Specie, Scuola) VALUES ('4977044473', 'eveniet', '75.665758', '-22.782405', '41.65830807493775', 'Terra', 'Pulito', 'a', '3215804860');
INSERT INTO Orto (IdOrto, NomeOrto, Latitudine, Longitudine, Superficie, Posizione, CondizioneAmbientale, Specie, Scuola) VALUES ('9460475129', 'quidem', '-21.6846935', '-53.784555', '24.93112018280631', 'Terra', 'Inquinato', 'minus', '133515541');
INSERT INTO Orto (IdOrto, NomeOrto, Latitudine, Longitudine, Superficie, Posizione, CondizioneAmbientale, Specie, Scuola) VALUES ('1321593966', 'aliquid', '7.947281', '124.859633', '9.09272121095611', 'Vaso', 'Pulito', 'sunt', '8475786702');
INSERT INTO Orto (IdOrto, NomeOrto, Latitudine, Longitudine, Superficie, Posizione, CondizioneAmbientale, Specie, Scuola) VALUES ('2127717771', 'ipsum', '36.2346975', '101.397365', '87.00148519417549', 'Terra', 'Pulito', 'eveniet', '8638511181');
INSERT INTO Orto (IdOrto, NomeOrto, Latitudine, Longitudine, Superficie, Posizione, CondizioneAmbientale, Specie, Scuola) VALUES ('4462902049', 'laborum', '13.1404375', '-31.204499', '35.64976862185935', 'Terra', 'Pulito', 'aut', '246218167');
INSERT INTO Orto (IdOrto, NomeOrto, Latitudine, Longitudine, Superficie, Posizione, CondizioneAmbientale, Specie, Scuola) VALUES ('1199165260', 'laboriosam', '-8.808922', '58.122704', '63.528976147819854', 'Vaso', 'Inquinato', 'quasi', '8638511181');
INSERT INTO Orto (IdOrto, NomeOrto, Latitudine, Longitudine, Superficie, Posizione, CondizioneAmbientale, Specie, Scuola) VALUES ('1668231545', 'fuga', '43.163217', '-104.465689', '13.020411646495623', 'Terra', 'Pulito', 'dolorem', '9540868116');
INSERT INTO Orto (IdOrto, NomeOrto, Latitudine, Longitudine, Superficie, Posizione, CondizioneAmbientale, Specie, Scuola) VALUES ('8466848001', 'illum', '68.770368', '-127.313329', '20.961671405617416', 'Terra', 'Pulito', 'vitae', '9540868116');
INSERT INTO Orto (IdOrto, NomeOrto, Latitudine, Longitudine, Superficie, Posizione, CondizioneAmbientale, Specie, Scuola) VALUES ('7765395617', 'quibusdam', '-75.7491415', '32.171258', '67.72043141516615', 'Terra', 'Pulito', 'quasi', '8475786702');
INSERT INTO Orto (IdOrto, NomeOrto, Latitudine, Longitudine, Superficie, Posizione, CondizioneAmbientale, Specie, Scuola) VALUES ('3817105087', 'ipsam', '13.2081445', '-121.813652', '58.06714937754967', 'Vaso', 'Pulito', 'magnam', '1270082567');
INSERT INTO Orto (IdOrto, NomeOrto, Latitudine, Longitudine, Superficie, Posizione, CondizioneAmbientale, Specie, Scuola) VALUES ('3517086169', 'dicta', '25.9627845', '113.690689', '22.841756636727265', 'Terra', 'Pulito', 'et', '9540868116');
INSERT INTO Orto (IdOrto, NomeOrto, Latitudine, Longitudine, Superficie, Posizione, CondizioneAmbientale, Specie, Scuola) VALUES ('7413139020', 'perspiciatis', '-9.6167615', '-131.406582', '39.659363377410465', 'Vaso', 'Pulito', 'neque', '9540868116');
INSERT INTO Orto (IdOrto, NomeOrto, Latitudine, Longitudine, Superficie, Posizione, CondizioneAmbientale, Specie, Scuola) VALUES ('7238658914', 'repudiandae', '86.796464', '-51.611558', '15.049900137498671', 'Terra', 'Inquinato', 'pariatur', '1790279335');
INSERT INTO Orto (IdOrto, NomeOrto, Latitudine, Longitudine, Superficie, Posizione, CondizioneAmbientale, Specie, Scuola) VALUES ('8250328347', 'beatae', '8.994576', '-29.238831', '94.74497088365453', 'Terra', 'Inquinato', 'aut', '8475786702');
INSERT INTO Orto (IdOrto, NomeOrto, Latitudine, Longitudine, Superficie, Posizione, CondizioneAmbientale, Specie, Scuola) VALUES ('7998227444', 'amet', '-46.810591', '55.604185', '45.718676635479966', 'Terra', 'Pulito', 'sint', '8638511181');
INSERT INTO Orto (IdOrto, NomeOrto, Latitudine, Longitudine, Superficie, Posizione, CondizioneAmbientale, Specie, Scuola) VALUES ('9908332579', 'quos', '60.8383885', '-167.024889', '8.49895020511534', 'Terra', 'Pulito', 'facilis', '133515541');
INSERT INTO Orto (IdOrto, NomeOrto, Latitudine, Longitudine, Superficie, Posizione, CondizioneAmbientale, Specie, Scuola) VALUES ('6927180694', 'incidunt', '44.8063195', '169.256228', '61.029977445461114', 'Vaso', 'Pulito', 'et', '1270082567');
INSERT INTO Pianta (NumeroReplica, NomeComune, Scopo, DataMessaDimora, Specie, Classe) VALUES ('3908474306', 'culpa', 'Fitobotanica', '2017-11-23', 'fuga', '3126979109');
INSERT INTO Pianta (NumeroReplica, NomeComune, Scopo, DataMessaDimora, Specie, Classe) VALUES ('5862054397', 'vitae', 'Fitobotanica', '1990-12-09', 'facere', '1165214472');
INSERT INTO Pianta (NumeroReplica, NomeComune, Scopo, DataMessaDimora, Specie, Classe) VALUES ('7399895435', 'quisquam', 'Biomonitoraggio', '1973-03-12', 'aliquam', '1165214472');
INSERT INTO Pianta (NumeroReplica, NomeComune, Scopo, DataMessaDimora, Specie, Classe) VALUES ('6691368059', 'voluptatum', 'Fitobotanica', '2001-11-24', 'commodi', '3126979109');
INSERT INTO Pianta (NumeroReplica, NomeComune, Scopo, DataMessaDimora, Specie, Classe) VALUES ('354780724', 'voluptatibus', 'Biomonitoraggio', '1979-09-18', 'modi', '6419372397');
INSERT INTO Pianta (NumeroReplica, NomeComune, Scopo, DataMessaDimora, Specie, Classe) VALUES ('649728503', 'facere', 'Biomonitoraggio', '2006-11-29', 'quis', '7003944217');
INSERT INTO Pianta (NumeroReplica, NomeComune, Scopo, DataMessaDimora, Specie, Classe) VALUES ('7124001978', 'facere', 'Biomonitoraggio', '1996-05-05', 'libero', '4514353766');
INSERT INTO Pianta (NumeroReplica, NomeComune, Scopo, DataMessaDimora, Specie, Classe) VALUES ('6113359883', 'temporibus', 'Fitobotanica', '1993-10-13', 'in', '3126979109');
INSERT INTO Pianta (NumeroReplica, NomeComune, Scopo, DataMessaDimora, Specie, Classe) VALUES ('9070400569', 'eligendi', 'Biomonitoraggio', '1970-04-11', 'impedit', '2085626055');
INSERT INTO Pianta (NumeroReplica, NomeComune, Scopo, DataMessaDimora, Specie, Classe) VALUES ('7765432050', 'eligendi', 'Biomonitoraggio', '1994-03-14', 'perferendis', '9928180072');
INSERT INTO Pianta (NumeroReplica, NomeComune, Scopo, DataMessaDimora, Specie, Classe) VALUES ('7168804729', 'quas', 'Fitobotanica', '2022-05-26', 'libero', '6492245177');
INSERT INTO Pianta (NumeroReplica, NomeComune, Scopo, DataMessaDimora, Specie, Classe) VALUES ('9804757362', 'vel', 'Biomonitoraggio', '2022-09-28', 'aut', '4557524522');
INSERT INTO Pianta (NumeroReplica, NomeComune, Scopo, DataMessaDimora, Specie, Classe) VALUES ('2753537439', 'adipisci', 'Fitobotanica', '1971-03-04', 'magni', '6779927080');
INSERT INTO Pianta (NumeroReplica, NomeComune, Scopo, DataMessaDimora, Specie, Classe) VALUES ('4267304107', 'iusto', 'Fitobotanica', '1992-10-10', 'commodi', '7003944217');
INSERT INTO Pianta (NumeroReplica, NomeComune, Scopo, DataMessaDimora, Specie, Classe) VALUES ('9145992640', 'placeat', 'Fitobotanica', '1976-05-29', 'cum', '4505011482');
INSERT INTO Pianta (NumeroReplica, NomeComune, Scopo, DataMessaDimora, Specie, Classe) VALUES ('9474619854', 'tempora', 'Biomonitoraggio', '1980-03-09', 'labore', '1236767860');
INSERT INTO Pianta (NumeroReplica, NomeComune, Scopo, DataMessaDimora, Specie, Classe) VALUES ('8726862143', 'provident', 'Biomonitoraggio', '1997-08-03', 'facere', '4616231847');
INSERT INTO Pianta (NumeroReplica, NomeComune, Scopo, DataMessaDimora, Specie, Classe) VALUES ('9925742508', 'id', 'Fitobotanica', '1982-01-31', 'in', '416559362');
INSERT INTO Pianta (NumeroReplica, NomeComune, Scopo, DataMessaDimora, Specie, Classe) VALUES ('3848180434', 'necessitatibus', 'Fitobotanica', '1974-06-29', 'saepe', '4557524522');
INSERT INTO Pianta (NumeroReplica, NomeComune, Scopo, DataMessaDimora, Specie, Classe) VALUES ('3991642651', 'vero', 'Biomonitoraggio', '2010-05-23', 'fugit', '2242374436');
INSERT INTO Pianta (NumeroReplica, NomeComune, Scopo, DataMessaDimora, Specie, Classe) VALUES ('9250170292', 'quam', 'Fitobotanica', '2014-10-21', 'totam', '4557524522');
INSERT INTO Pianta (NumeroReplica, NomeComune, Scopo, DataMessaDimora, Specie, Classe) VALUES ('2572531056', 'doloremque', 'Biomonitoraggio', '2005-12-29', 'inventore', '1165214472');
INSERT INTO Pianta (NumeroReplica, NomeComune, Scopo, DataMessaDimora, Specie, Classe) VALUES ('8275078219', 'cumque', 'Fitobotanica', '1988-12-23', 'deserunt', '1165214472');
INSERT INTO Pianta (NumeroReplica, NomeComune, Scopo, DataMessaDimora, Specie, Classe) VALUES ('3629730702', 'libero', 'Biomonitoraggio', '1996-03-14', 'quasi', '9928180072');
INSERT INTO Pianta (NumeroReplica, NomeComune, Scopo, DataMessaDimora, Specie, Classe) VALUES ('1932412273', 'amet', 'Fitobotanica', '2020-01-01', 'labore', '416559362');
INSERT INTO Pianta (NumeroReplica, NomeComune, Scopo, DataMessaDimora, Specie, Classe) VALUES ('8936358650', 'blanditiis', 'Fitobotanica', '1990-01-23', 'accusantium', '6492245177');
INSERT INTO Pianta (NumeroReplica, NomeComune, Scopo, DataMessaDimora, Specie, Classe) VALUES ('8448640923', 'earum', 'Fitobotanica', '2006-06-16', 'aut', '9928180072');
INSERT INTO Pianta (NumeroReplica, NomeComune, Scopo, DataMessaDimora, Specie, Classe) VALUES ('7888693422', 'quibusdam', 'Biomonitoraggio', '1992-02-18', 'quidem', '2242374436');
INSERT INTO Pianta (NumeroReplica, NomeComune, Scopo, DataMessaDimora, Specie, Classe) VALUES ('6467247928', 'illum', 'Biomonitoraggio', '1971-01-21', 'accusantium', '4557524522');
INSERT INTO Pianta (NumeroReplica, NomeComune, Scopo, DataMessaDimora, Specie, Classe) VALUES ('5405741636', 'excepturi', 'Biomonitoraggio', '2021-12-08', 'accusantium', '4557524522');
INSERT INTO Pianta (NumeroReplica, NomeComune, Scopo, DataMessaDimora, Specie, Classe) VALUES ('6730155733', 'nobis', 'Fitobotanica', '2021-09-10', 'magni', '4514353766');
INSERT INTO Pianta (NumeroReplica, NomeComune, Scopo, DataMessaDimora, Specie, Classe) VALUES ('4185767675', 'eius', 'Fitobotanica', '1971-05-13', 'nesciunt', '2085626055');
INSERT INTO Pianta (NumeroReplica, NomeComune, Scopo, DataMessaDimora, Specie, Classe) VALUES ('2060495882', 'doloremque', 'Fitobotanica', '2004-03-28', 'iste', '3079036912');
INSERT INTO Pianta (NumeroReplica, NomeComune, Scopo, DataMessaDimora, Specie, Classe) VALUES ('3686928266', 'in', 'Fitobotanica', '1981-02-06', 'quis', '2242374436');
INSERT INTO Pianta (NumeroReplica, NomeComune, Scopo, DataMessaDimora, Specie, Classe) VALUES ('7715828484', 'molestiae', 'Fitobotanica', '1990-08-06', 'perspiciatis', '1165214472');
INSERT INTO Pianta (NumeroReplica, NomeComune, Scopo, DataMessaDimora, Specie, Classe) VALUES ('3264344844', 'temporibus', 'Biomonitoraggio', '2022-08-03', 'sint', '3126979109');
INSERT INTO Pianta (NumeroReplica, NomeComune, Scopo, DataMessaDimora, Specie, Classe) VALUES ('529750474', 'sit', 'Fitobotanica', '2017-03-13', 'vitae', '6492245177');
INSERT INTO Pianta (NumeroReplica, NomeComune, Scopo, DataMessaDimora, Specie, Classe) VALUES ('8346754854', 'necessitatibus', 'Fitobotanica', '1997-08-21', 'in', '416559362');
INSERT INTO Pianta (NumeroReplica, NomeComune, Scopo, DataMessaDimora, Specie, Classe) VALUES ('62326251', 'delectus', 'Biomonitoraggio', '2001-05-19', 'quis', '4495252674');
INSERT INTO Pianta (NumeroReplica, NomeComune, Scopo, DataMessaDimora, Specie, Classe) VALUES ('5359171447', 'placeat', 'Biomonitoraggio', '1982-08-01', 'rerum', '2085626055');
INSERT INTO Pianta (NumeroReplica, NomeComune, Scopo, DataMessaDimora, Specie, Classe) VALUES ('2116258980', 'blanditiis', 'Biomonitoraggio', '2022-11-07', 'eveniet', '4505011482');
INSERT INTO Pianta (NumeroReplica, NomeComune, Scopo, DataMessaDimora, Specie, Classe) VALUES ('2897205132', 'nihil', 'Biomonitoraggio', '2002-01-05', 'ipsa', '5098535728');
INSERT INTO Pianta (NumeroReplica, NomeComune, Scopo, DataMessaDimora, Specie, Classe) VALUES ('3466756985', 'aut', 'Fitobotanica', '1991-10-16', 'enim', '6779927080');
INSERT INTO Pianta (NumeroReplica, NomeComune, Scopo, DataMessaDimora, Specie, Classe) VALUES ('9889925272', 'reiciendis', 'Biomonitoraggio', '1984-11-13', 'accusantium', '1236767860');
INSERT INTO Pianta (NumeroReplica, NomeComune, Scopo, DataMessaDimora, Specie, Classe) VALUES ('3016238334', 'quae', 'Biomonitoraggio', '1970-01-19', 'et', '2085626055');
INSERT INTO Pianta (NumeroReplica, NomeComune, Scopo, DataMessaDimora, Specie, Classe) VALUES ('8978805713', 'ullam', 'Fitobotanica', '2021-01-21', 'quis', '4557524522');
INSERT INTO Pianta (NumeroReplica, NomeComune, Scopo, DataMessaDimora, Specie, Classe) VALUES ('4268092084', 'quod', 'Fitobotanica', '2016-11-28', 'modi', '6492245177');
INSERT INTO Pianta (NumeroReplica, NomeComune, Scopo, DataMessaDimora, Specie, Classe) VALUES ('4131436097', 'est', 'Fitobotanica', '2022-08-04', 'libero', '7003944217');
INSERT INTO Pianta (NumeroReplica, NomeComune, Scopo, DataMessaDimora, Specie, Classe) VALUES ('6606230791', 'perferendis', 'Fitobotanica', '1991-09-13', 'rerum', '1236767860');
INSERT INTO Pianta (NumeroReplica, NomeComune, Scopo, DataMessaDimora, Specie, Classe) VALUES ('7983965985', 'molestiae', 'Fitobotanica', '2003-10-10', 'fuga', '8489712252');
INSERT INTO Pianta (NumeroReplica, NomeComune, Scopo, DataMessaDimora, Specie, Classe) VALUES ('9975053615', 'quibusdam', 'Fitobotanica', '1970-08-15', 'iste', '7003944217');
INSERT INTO Pianta (NumeroReplica, NomeComune, Scopo, DataMessaDimora, Specie, Classe) VALUES ('422464122', 'consequatur', 'Biomonitoraggio', '1999-12-13', 'et', '2085626055');
INSERT INTO Pianta (NumeroReplica, NomeComune, Scopo, DataMessaDimora, Specie, Classe) VALUES ('9943384072', 'suscipit', 'Biomonitoraggio', '1989-11-19', 'ipsa', '6492245177');
INSERT INTO Pianta (NumeroReplica, NomeComune, Scopo, DataMessaDimora, Specie, Classe) VALUES ('8223460977', 'accusantium', 'Biomonitoraggio', '2000-11-07', 'labore', '2085626055');
INSERT INTO Pianta (NumeroReplica, NomeComune, Scopo, DataMessaDimora, Specie, Classe) VALUES ('9713059846', 'iste', 'Biomonitoraggio', '2020-12-24', 'modi', '3126979109');
INSERT INTO Pianta (NumeroReplica, NomeComune, Scopo, DataMessaDimora, Specie, Classe) VALUES ('3271580909', 'consequuntur', 'Fitobotanica', '2019-08-31', 'harum', '5098535728');
INSERT INTO Pianta (NumeroReplica, NomeComune, Scopo, DataMessaDimora, Specie, Classe) VALUES ('9591172483', 'assumenda', 'Biomonitoraggio', '1993-06-11', 'autem', '4495252674');
INSERT INTO Pianta (NumeroReplica, NomeComune, Scopo, DataMessaDimora, Specie, Classe) VALUES ('3809385843', 'perspiciatis', 'Fitobotanica', '2015-05-03', 'enim', '4505011482');
INSERT INTO Pianta (NumeroReplica, NomeComune, Scopo, DataMessaDimora, Specie, Classe) VALUES ('9330446329', 'id', 'Biomonitoraggio', '2003-07-22', 'aliquam', '6419372397');
INSERT INTO Pianta (NumeroReplica, NomeComune, Scopo, DataMessaDimora, Specie, Classe) VALUES ('5719083828', 'accusamus', 'Fitobotanica', '2022-03-15', 'cum', '1165214472');
INSERT INTO Pianta (NumeroReplica, NomeComune, Scopo, DataMessaDimora, Specie, Classe) VALUES ('4571728579', 'debitis', 'Biomonitoraggio', '1998-08-11', 'fugit', '4616231847');
INSERT INTO Pianta (NumeroReplica, NomeComune, Scopo, DataMessaDimora, Specie, Classe) VALUES ('2440320620', 'explicabo', 'Biomonitoraggio', '2016-04-25', 'aut', '7003944217');
INSERT INTO Pianta (NumeroReplica, NomeComune, Scopo, DataMessaDimora, Specie, Classe) VALUES ('3014126476', 'at', 'Fitobotanica', '1992-01-16', 'magni', '6492245177');
INSERT INTO Pianta (NumeroReplica, NomeComune, Scopo, DataMessaDimora, Specie, Classe) VALUES ('1718826962', 'repudiandae', 'Fitobotanica', '1982-01-20', 'maxime', '2085626055');
INSERT INTO Pianta (NumeroReplica, NomeComune, Scopo, DataMessaDimora, Specie, Classe) VALUES ('3412395495', 'praesentium', 'Biomonitoraggio', '1998-03-23', 'ipsa', '4505011482');
INSERT INTO Pianta (NumeroReplica, NomeComune, Scopo, DataMessaDimora, Specie, Classe) VALUES ('7884749210', 'enim', 'Biomonitoraggio', '1997-09-19', 'nesciunt', '4514353766');
INSERT INTO Pianta (NumeroReplica, NomeComune, Scopo, DataMessaDimora, Specie, Classe) VALUES ('2435585531', 'odit', 'Biomonitoraggio', '1997-08-23', 'sunt', '4505011482');
INSERT INTO Pianta (NumeroReplica, NomeComune, Scopo, DataMessaDimora, Specie, Classe) VALUES ('7719812090', 'temporibus', 'Fitobotanica', '2000-04-25', 'sunt', '9928180072');
INSERT INTO Pianta (NumeroReplica, NomeComune, Scopo, DataMessaDimora, Specie, Classe) VALUES ('1563834177', 'inventore', 'Fitobotanica', '1993-04-21', 'iste', '4557524522');
INSERT INTO Pianta (NumeroReplica, NomeComune, Scopo, DataMessaDimora, Specie, Classe) VALUES ('4916192269', 'accusantium', 'Biomonitoraggio', '1993-09-03', 'fuga', '2242374436');
INSERT INTO Pianta (NumeroReplica, NomeComune, Scopo, DataMessaDimora, Specie, Classe) VALUES ('2692731161', 'quaerat', 'Biomonitoraggio', '1978-10-24', 'quis', '8489712252');
INSERT INTO Pianta (NumeroReplica, NomeComune, Scopo, DataMessaDimora, Specie, Classe) VALUES ('6817426444', 'quasi', 'Fitobotanica', '1978-04-30', 'pariatur', '416559362');
INSERT INTO Pianta (NumeroReplica, NomeComune, Scopo, DataMessaDimora, Specie, Classe) VALUES ('4902241657', 'dignissimos', 'Fitobotanica', '1983-02-15', 'et', '6419372397');
INSERT INTO Pianta (NumeroReplica, NomeComune, Scopo, DataMessaDimora, Specie, Classe) VALUES ('3150097509', 'sequi', 'Fitobotanica', '1998-02-08', 'sint', '5098535728');
INSERT INTO Pianta (NumeroReplica, NomeComune, Scopo, DataMessaDimora, Specie, Classe) VALUES ('607722261', 'beatae', 'Biomonitoraggio', '1984-09-28', 'modi', '1236767860');
INSERT INTO Pianta (NumeroReplica, NomeComune, Scopo, DataMessaDimora, Specie, Classe) VALUES ('177462647', 'soluta', 'Biomonitoraggio', '2004-03-21', 'et', '5098535728');
INSERT INTO Pianta (NumeroReplica, NomeComune, Scopo, DataMessaDimora, Specie, Classe) VALUES ('6509389153', 'vitae', 'Biomonitoraggio', '2001-10-21', 'vitae', '3079036912');
INSERT INTO Pianta (NumeroReplica, NomeComune, Scopo, DataMessaDimora, Specie, Classe) VALUES ('5507289498', 'quos', 'Biomonitoraggio', '2001-01-22', 'libero', '8489712252');
INSERT INTO Pianta (NumeroReplica, NomeComune, Scopo, DataMessaDimora, Specie, Classe) VALUES ('5299869667', 'voluptas', 'Biomonitoraggio', '1997-12-21', 'illo', '416559362');
INSERT INTO Pianta (NumeroReplica, NomeComune, Scopo, DataMessaDimora, Specie, Classe) VALUES ('2696747908', 'eos', 'Fitobotanica', '2005-01-03', 'commodi', '4495252674');
INSERT INTO Pianta (NumeroReplica, NomeComune, Scopo, DataMessaDimora, Specie, Classe) VALUES ('4790687872', 'quo', 'Fitobotanica', '1978-09-29', 'sunt', '4616231847');
INSERT INTO Pianta (NumeroReplica, NomeComune, Scopo, DataMessaDimora, Specie, Classe) VALUES ('5514089772', 'iure', 'Biomonitoraggio', '1982-12-17', 'commodi', '4514353766');
INSERT INTO Pianta (NumeroReplica, NomeComune, Scopo, DataMessaDimora, Specie, Classe) VALUES ('540541579', 'sunt', 'Biomonitoraggio', '1973-09-26', 'delectus', '4616231847');
INSERT INTO Pianta (NumeroReplica, NomeComune, Scopo, DataMessaDimora, Specie, Classe) VALUES ('985728657', 'facere', 'Biomonitoraggio', '1987-03-23', 'harum', '2085626055');
INSERT INTO Pianta (NumeroReplica, NomeComune, Scopo, DataMessaDimora, Specie, Classe) VALUES ('9185635657', 'explicabo', 'Fitobotanica', '2022-01-27', 'harum', '3079036912');
INSERT INTO Pianta (NumeroReplica, NomeComune, Scopo, DataMessaDimora, Specie, Classe) VALUES ('9602743555', 'harum', 'Fitobotanica', '1988-02-02', 'iste', '1165214472');
INSERT INTO Pianta (NumeroReplica, NomeComune, Scopo, DataMessaDimora, Specie, Classe) VALUES ('1631815537', 'maiores', 'Fitobotanica', '1993-06-02', 'ipsa', '6779927080');
INSERT INTO Pianta (NumeroReplica, NomeComune, Scopo, DataMessaDimora, Specie, Classe) VALUES ('138291229', 'iusto', 'Fitobotanica', '1979-01-17', 'enim', '4514353766');
INSERT INTO Pianta (NumeroReplica, NomeComune, Scopo, DataMessaDimora, Specie, Classe) VALUES ('1634461652', 'inventore', 'Biomonitoraggio', '1999-04-27', 'quidem', '2085626055');
INSERT INTO Pianta (NumeroReplica, NomeComune, Scopo, DataMessaDimora, Specie, Classe) VALUES ('8665691656', 'expedita', 'Fitobotanica', '2012-08-30', 'cum', '9928180072');
INSERT INTO Pianta (NumeroReplica, NomeComune, Scopo, DataMessaDimora, Specie, Classe) VALUES ('6900726661', 'possimus', 'Fitobotanica', '1984-08-28', 'facilis', '7003944217');
INSERT INTO Pianta (NumeroReplica, NomeComune, Scopo, DataMessaDimora, Specie, Classe) VALUES ('8236585881', 'aliquid', 'Biomonitoraggio', '1996-01-01', 'libero', '4505011482');
INSERT INTO Pianta (NumeroReplica, NomeComune, Scopo, DataMessaDimora, Specie, Classe) VALUES ('4614130666', 'quas', 'Fitobotanica', '1991-05-08', 'laboriosam', '4495252674');
INSERT INTO Pianta (NumeroReplica, NomeComune, Scopo, DataMessaDimora, Specie, Classe) VALUES ('5256120334', 'sint', 'Biomonitoraggio', '2007-02-11', 'deserunt', '4495252674');
INSERT INTO Pianta (NumeroReplica, NomeComune, Scopo, DataMessaDimora, Specie, Classe) VALUES ('7907891449', 'dicta', 'Fitobotanica', '1990-10-10', 'quidem', '9928180072');
INSERT INTO Pianta (NumeroReplica, NomeComune, Scopo, DataMessaDimora, Specie, Classe) VALUES ('3622411765', 'esse', 'Fitobotanica', '1996-08-22', 'aliquam', '3079036912');
INSERT INTO Pianta (NumeroReplica, NomeComune, Scopo, DataMessaDimora, Specie, Classe) VALUES ('4148736716', 'sequi', 'Biomonitoraggio', '1999-07-18', 'porro', '6419372397');
INSERT INTO Pianta (NumeroReplica, NomeComune, Scopo, DataMessaDimora, Specie, Classe) VALUES ('843857061', 'laborum', 'Fitobotanica', '2020-03-23', 'vitae', '4495252674');
INSERT INTO Pianta (NumeroReplica, NomeComune, Scopo, DataMessaDimora, Specie, Classe) VALUES ('1016093812', 'autem', 'Biomonitoraggio', '2012-03-23', 'fuga', '6492245177');
INSERT INTO Pianta (NumeroReplica, NomeComune, Scopo, DataMessaDimora, Specie, Classe) VALUES ('4998881968', 'nisi', 'Biomonitoraggio', '1997-11-23', 'perspiciatis', '5098535728');
INSERT INTO Esposizione (NumeroReplica, NomeComune, TipoEsposizione) VALUES ('3908474306', 'culpa', 'Mezzombra');
INSERT INTO Esposizione (NumeroReplica, NomeComune, TipoEsposizione) VALUES ('5862054397', 'vitae', 'Mezzombra');
INSERT INTO Esposizione (NumeroReplica, NomeComune, TipoEsposizione) VALUES ('7399895435', 'quisquam', 'Ombra');
INSERT INTO Esposizione (NumeroReplica, NomeComune, TipoEsposizione) VALUES ('6691368059', 'voluptatum', 'Ombra');
INSERT INTO Esposizione (NumeroReplica, NomeComune, TipoEsposizione) VALUES ('354780724', 'voluptatibus', 'Sole');
INSERT INTO Esposizione (NumeroReplica, NomeComune, TipoEsposizione) VALUES ('649728503', 'facere', 'Mezzombra');
INSERT INTO Esposizione (NumeroReplica, NomeComune, TipoEsposizione) VALUES ('7124001978', 'facere', 'Ombra');
INSERT INTO Esposizione (NumeroReplica, NomeComune, TipoEsposizione) VALUES ('6113359883', 'temporibus', 'Ombra');
INSERT INTO Esposizione (NumeroReplica, NomeComune, TipoEsposizione) VALUES ('9070400569', 'eligendi', 'Mezzombra');
INSERT INTO Esposizione (NumeroReplica, NomeComune, TipoEsposizione) VALUES ('7765432050', 'eligendi', 'Ombra');
INSERT INTO Esposizione (NumeroReplica, NomeComune, TipoEsposizione) VALUES ('7168804729', 'quas', 'Sole');
INSERT INTO Esposizione (NumeroReplica, NomeComune, TipoEsposizione) VALUES ('9804757362', 'vel', 'Mezzombra');
INSERT INTO Esposizione (NumeroReplica, NomeComune, TipoEsposizione) VALUES ('2753537439', 'adipisci', 'Sole');
INSERT INTO Esposizione (NumeroReplica, NomeComune, TipoEsposizione) VALUES ('4267304107', 'iusto', 'Mezzombra');
INSERT INTO Esposizione (NumeroReplica, NomeComune, TipoEsposizione) VALUES ('9145992640', 'placeat', 'Sole');
INSERT INTO Esposizione (NumeroReplica, NomeComune, TipoEsposizione) VALUES ('9474619854', 'tempora', 'Ombra');
INSERT INTO Esposizione (NumeroReplica, NomeComune, TipoEsposizione) VALUES ('8726862143', 'provident', 'Mezzombra');
INSERT INTO Esposizione (NumeroReplica, NomeComune, TipoEsposizione) VALUES ('9925742508', 'id', 'Sole');
INSERT INTO Esposizione (NumeroReplica, NomeComune, TipoEsposizione) VALUES ('3848180434', 'necessitatibus', 'Mezzombra');
INSERT INTO Esposizione (NumeroReplica, NomeComune, TipoEsposizione) VALUES ('3991642651', 'vero', 'Ombra');
INSERT INTO Esposizione (NumeroReplica, NomeComune, TipoEsposizione) VALUES ('9250170292', 'quam', 'Mezzombra');
INSERT INTO Esposizione (NumeroReplica, NomeComune, TipoEsposizione) VALUES ('2572531056', 'doloremque', 'Sole');
INSERT INTO Esposizione (NumeroReplica, NomeComune, TipoEsposizione) VALUES ('8275078219', 'cumque', 'Ombra');
INSERT INTO Esposizione (NumeroReplica, NomeComune, TipoEsposizione) VALUES ('3629730702', 'libero', 'Mezzombra');
INSERT INTO Esposizione (NumeroReplica, NomeComune, TipoEsposizione) VALUES ('1932412273', 'amet', 'Mezzombra');
INSERT INTO Esposizione (NumeroReplica, NomeComune, TipoEsposizione) VALUES ('8936358650', 'blanditiis', 'Ombra');
INSERT INTO Esposizione (NumeroReplica, NomeComune, TipoEsposizione) VALUES ('8448640923', 'earum', 'Sole');
INSERT INTO Esposizione (NumeroReplica, NomeComune, TipoEsposizione) VALUES ('7888693422', 'quibusdam', 'Mezzombra');
INSERT INTO Esposizione (NumeroReplica, NomeComune, TipoEsposizione) VALUES ('6467247928', 'illum', 'Mezzombra');
INSERT INTO Esposizione (NumeroReplica, NomeComune, TipoEsposizione) VALUES ('5405741636', 'excepturi', 'Sole');
INSERT INTO Esposizione (NumeroReplica, NomeComune, TipoEsposizione) VALUES ('6730155733', 'nobis', 'Ombra');
INSERT INTO Esposizione (NumeroReplica, NomeComune, TipoEsposizione) VALUES ('4185767675', 'eius', 'Ombra');
INSERT INTO Esposizione (NumeroReplica, NomeComune, TipoEsposizione) VALUES ('2060495882', 'doloremque', 'Ombra');
INSERT INTO Esposizione (NumeroReplica, NomeComune, TipoEsposizione) VALUES ('3686928266', 'in', 'Sole');
INSERT INTO Esposizione (NumeroReplica, NomeComune, TipoEsposizione) VALUES ('7715828484', 'molestiae', 'Sole');
INSERT INTO Esposizione (NumeroReplica, NomeComune, TipoEsposizione) VALUES ('3264344844', 'temporibus', 'Ombra');
INSERT INTO Esposizione (NumeroReplica, NomeComune, TipoEsposizione) VALUES ('529750474', 'sit', 'Ombra');
INSERT INTO Esposizione (NumeroReplica, NomeComune, TipoEsposizione) VALUES ('8346754854', 'necessitatibus', 'Sole');
INSERT INTO Esposizione (NumeroReplica, NomeComune, TipoEsposizione) VALUES ('62326251', 'delectus', 'Ombra');
INSERT INTO Esposizione (NumeroReplica, NomeComune, TipoEsposizione) VALUES ('5359171447', 'placeat', 'Sole');
INSERT INTO Esposizione (NumeroReplica, NomeComune, TipoEsposizione) VALUES ('2116258980', 'blanditiis', 'Mezzombra');
INSERT INTO Esposizione (NumeroReplica, NomeComune, TipoEsposizione) VALUES ('2897205132', 'nihil', 'Mezzombra');
INSERT INTO Esposizione (NumeroReplica, NomeComune, TipoEsposizione) VALUES ('3466756985', 'aut', 'Sole');
INSERT INTO Esposizione (NumeroReplica, NomeComune, TipoEsposizione) VALUES ('9889925272', 'reiciendis', 'Mezzombra');
INSERT INTO Esposizione (NumeroReplica, NomeComune, TipoEsposizione) VALUES ('3016238334', 'quae', 'Ombra');
INSERT INTO Esposizione (NumeroReplica, NomeComune, TipoEsposizione) VALUES ('8978805713', 'ullam', 'Mezzombra');
INSERT INTO Esposizione (NumeroReplica, NomeComune, TipoEsposizione) VALUES ('4268092084', 'quod', 'Ombra');
INSERT INTO Esposizione (NumeroReplica, NomeComune, TipoEsposizione) VALUES ('4131436097', 'est', 'Sole');
INSERT INTO Esposizione (NumeroReplica, NomeComune, TipoEsposizione) VALUES ('6606230791', 'perferendis', 'Ombra');
INSERT INTO Esposizione (NumeroReplica, NomeComune, TipoEsposizione) VALUES ('7983965985', 'molestiae', 'Sole');
INSERT INTO Esposizione (NumeroReplica, NomeComune, TipoEsposizione) VALUES ('9975053615', 'quibusdam', 'Mezzombra');
INSERT INTO Esposizione (NumeroReplica, NomeComune, TipoEsposizione) VALUES ('422464122', 'consequatur', 'Sole');
INSERT INTO Esposizione (NumeroReplica, NomeComune, TipoEsposizione) VALUES ('9943384072', 'suscipit', 'Ombra');
INSERT INTO Esposizione (NumeroReplica, NomeComune, TipoEsposizione) VALUES ('8223460977', 'accusantium', 'Mezzombra');
INSERT INTO Esposizione (NumeroReplica, NomeComune, TipoEsposizione) VALUES ('9713059846', 'iste', 'Ombra');
INSERT INTO Esposizione (NumeroReplica, NomeComune, TipoEsposizione) VALUES ('3271580909', 'consequuntur', 'Sole');
INSERT INTO Esposizione (NumeroReplica, NomeComune, TipoEsposizione) VALUES ('9591172483', 'assumenda', 'Sole');
INSERT INTO Esposizione (NumeroReplica, NomeComune, TipoEsposizione) VALUES ('3809385843', 'perspiciatis', 'Sole');
INSERT INTO Esposizione (NumeroReplica, NomeComune, TipoEsposizione) VALUES ('9330446329', 'id', 'Ombra');
INSERT INTO Esposizione (NumeroReplica, NomeComune, TipoEsposizione) VALUES ('5719083828', 'accusamus', 'Mezzombra');
INSERT INTO Esposizione (NumeroReplica, NomeComune, TipoEsposizione) VALUES ('4571728579', 'debitis', 'Ombra');
INSERT INTO Esposizione (NumeroReplica, NomeComune, TipoEsposizione) VALUES ('2440320620', 'explicabo', 'Ombra');
INSERT INTO Esposizione (NumeroReplica, NomeComune, TipoEsposizione) VALUES ('3014126476', 'at', 'Ombra');
INSERT INTO Esposizione (NumeroReplica, NomeComune, TipoEsposizione) VALUES ('1718826962', 'repudiandae', 'Sole');
INSERT INTO Esposizione (NumeroReplica, NomeComune, TipoEsposizione) VALUES ('3412395495', 'praesentium', 'Mezzombra');
INSERT INTO Esposizione (NumeroReplica, NomeComune, TipoEsposizione) VALUES ('7884749210', 'enim', 'Sole');
INSERT INTO Esposizione (NumeroReplica, NomeComune, TipoEsposizione) VALUES ('2435585531', 'odit', 'Mezzombra');
INSERT INTO Esposizione (NumeroReplica, NomeComune, TipoEsposizione) VALUES ('7719812090', 'temporibus', 'Ombra');
INSERT INTO Esposizione (NumeroReplica, NomeComune, TipoEsposizione) VALUES ('1563834177', 'inventore', 'Ombra');
INSERT INTO Esposizione (NumeroReplica, NomeComune, TipoEsposizione) VALUES ('4916192269', 'accusantium', 'Ombra');
INSERT INTO Esposizione (NumeroReplica, NomeComune, TipoEsposizione) VALUES ('2692731161', 'quaerat', 'Ombra');
INSERT INTO Esposizione (NumeroReplica, NomeComune, TipoEsposizione) VALUES ('6817426444', 'quasi', 'Mezzombra');
INSERT INTO Esposizione (NumeroReplica, NomeComune, TipoEsposizione) VALUES ('4902241657', 'dignissimos', 'Mezzombra');
INSERT INTO Esposizione (NumeroReplica, NomeComune, TipoEsposizione) VALUES ('3150097509', 'sequi', 'Mezzombra');
INSERT INTO Esposizione (NumeroReplica, NomeComune, TipoEsposizione) VALUES ('607722261', 'beatae', 'Mezzombra');
INSERT INTO Esposizione (NumeroReplica, NomeComune, TipoEsposizione) VALUES ('177462647', 'soluta', 'Mezzombra');
INSERT INTO Esposizione (NumeroReplica, NomeComune, TipoEsposizione) VALUES ('6509389153', 'vitae', 'Mezzombra');
INSERT INTO Esposizione (NumeroReplica, NomeComune, TipoEsposizione) VALUES ('5507289498', 'quos', 'Mezzombra');
INSERT INTO Esposizione (NumeroReplica, NomeComune, TipoEsposizione) VALUES ('5299869667', 'voluptas', 'Ombra');
INSERT INTO Esposizione (NumeroReplica, NomeComune, TipoEsposizione) VALUES ('2696747908', 'eos', 'Mezzombra');
INSERT INTO Esposizione (NumeroReplica, NomeComune, TipoEsposizione) VALUES ('4790687872', 'quo', 'Sole');
INSERT INTO Esposizione (NumeroReplica, NomeComune, TipoEsposizione) VALUES ('5514089772', 'iure', 'Mezzombra');
INSERT INTO Esposizione (NumeroReplica, NomeComune, TipoEsposizione) VALUES ('540541579', 'sunt', 'Mezzombra');
INSERT INTO Esposizione (NumeroReplica, NomeComune, TipoEsposizione) VALUES ('985728657', 'facere', 'Sole');
INSERT INTO Esposizione (NumeroReplica, NomeComune, TipoEsposizione) VALUES ('9185635657', 'explicabo', 'Sole');
INSERT INTO Esposizione (NumeroReplica, NomeComune, TipoEsposizione) VALUES ('9602743555', 'harum', 'Sole');
INSERT INTO Esposizione (NumeroReplica, NomeComune, TipoEsposizione) VALUES ('1631815537', 'maiores', 'Sole');
INSERT INTO Esposizione (NumeroReplica, NomeComune, TipoEsposizione) VALUES ('138291229', 'iusto', 'Ombra');
INSERT INTO Esposizione (NumeroReplica, NomeComune, TipoEsposizione) VALUES ('1634461652', 'inventore', 'Sole');
INSERT INTO Esposizione (NumeroReplica, NomeComune, TipoEsposizione) VALUES ('8665691656', 'expedita', 'Sole');
INSERT INTO Esposizione (NumeroReplica, NomeComune, TipoEsposizione) VALUES ('6900726661', 'possimus', 'Sole');
INSERT INTO Esposizione (NumeroReplica, NomeComune, TipoEsposizione) VALUES ('8236585881', 'aliquid', 'Mezzombra');
INSERT INTO Esposizione (NumeroReplica, NomeComune, TipoEsposizione) VALUES ('4614130666', 'quas', 'Sole');
INSERT INTO Esposizione (NumeroReplica, NomeComune, TipoEsposizione) VALUES ('5256120334', 'sint', 'Ombra');
INSERT INTO Esposizione (NumeroReplica, NomeComune, TipoEsposizione) VALUES ('7907891449', 'dicta', 'Mezzombra');
INSERT INTO Esposizione (NumeroReplica, NomeComune, TipoEsposizione) VALUES ('3622411765', 'esse', 'Sole');
INSERT INTO Esposizione (NumeroReplica, NomeComune, TipoEsposizione) VALUES ('4148736716', 'sequi', 'Ombra');
INSERT INTO Esposizione (NumeroReplica, NomeComune, TipoEsposizione) VALUES ('843857061', 'laborum', 'Sole');
INSERT INTO Esposizione (NumeroReplica, NomeComune, TipoEsposizione) VALUES ('1016093812', 'autem', 'Mezzombra');
INSERT INTO Esposizione (NumeroReplica, NomeComune, TipoEsposizione) VALUES ('4998881968', 'nisi', 'Ombra');
INSERT INTO Gruppo (IdGruppo, TipoGruppo, NumeroReplica, NomeComune) VALUES (36, 'Controllo', '3908474306', 'culpa');
INSERT INTO Gruppo (IdGruppo, TipoGruppo, NumeroReplica, NomeComune) VALUES (86, 'Controllo', '5862054397', 'vitae');
INSERT INTO Gruppo (IdGruppo, TipoGruppo, NumeroReplica, NomeComune) VALUES (54, 'Controllo', '7399895435', 'quisquam');
INSERT INTO Gruppo (IdGruppo, TipoGruppo, NumeroReplica, NomeComune) VALUES (45, 'Monitoraggio', '6691368059', 'voluptatum');
INSERT INTO Gruppo (IdGruppo, TipoGruppo, NumeroReplica, NomeComune) VALUES (24, 'Monitoraggio', '354780724', 'voluptatibus');
INSERT INTO Gruppo (IdGruppo, TipoGruppo, NumeroReplica, NomeComune) VALUES (68, 'Controllo', '649728503', 'facere');
INSERT INTO Gruppo (IdGruppo, TipoGruppo, NumeroReplica, NomeComune) VALUES (36, 'Controllo', '7124001978', 'facere');
INSERT INTO Gruppo (IdGruppo, TipoGruppo, NumeroReplica, NomeComune) VALUES (93, 'Controllo', '6113359883', 'temporibus');
INSERT INTO Gruppo (IdGruppo, TipoGruppo, NumeroReplica, NomeComune) VALUES (46, 'Controllo', '9070400569', 'eligendi');
INSERT INTO Gruppo (IdGruppo, TipoGruppo, NumeroReplica, NomeComune) VALUES (70, 'Monitoraggio', '7765432050', 'eligendi');
INSERT INTO Gruppo (IdGruppo, TipoGruppo, NumeroReplica, NomeComune) VALUES (44, 'Controllo', '7168804729', 'quas');
INSERT INTO Gruppo (IdGruppo, TipoGruppo, NumeroReplica, NomeComune) VALUES (87, 'Monitoraggio', '9804757362', 'vel');
INSERT INTO Gruppo (IdGruppo, TipoGruppo, NumeroReplica, NomeComune) VALUES (40, 'Monitoraggio', '2753537439', 'adipisci');
INSERT INTO Gruppo (IdGruppo, TipoGruppo, NumeroReplica, NomeComune) VALUES (55, 'Controllo', '4267304107', 'iusto');
INSERT INTO Gruppo (IdGruppo, TipoGruppo, NumeroReplica, NomeComune) VALUES (22, 'Monitoraggio', '9145992640', 'placeat');
INSERT INTO Gruppo (IdGruppo, TipoGruppo, NumeroReplica, NomeComune) VALUES (95, 'Controllo', '9474619854', 'tempora');
INSERT INTO Gruppo (IdGruppo, TipoGruppo, NumeroReplica, NomeComune) VALUES (33, 'Monitoraggio', '8726862143', 'provident');
INSERT INTO Gruppo (IdGruppo, TipoGruppo, NumeroReplica, NomeComune) VALUES (13, 'Monitoraggio', '9925742508', 'id');
INSERT INTO Gruppo (IdGruppo, TipoGruppo, NumeroReplica, NomeComune) VALUES (53, 'Monitoraggio', '3848180434', 'necessitatibus');
INSERT INTO Gruppo (IdGruppo, TipoGruppo, NumeroReplica, NomeComune) VALUES (8, 'Controllo', '3991642651', 'vero');
INSERT INTO Gruppo (IdGruppo, TipoGruppo, NumeroReplica, NomeComune) VALUES (68, 'Controllo', '9250170292', 'quam');
INSERT INTO Gruppo (IdGruppo, TipoGruppo, NumeroReplica, NomeComune) VALUES (83, 'Controllo', '2572531056', 'doloremque');
INSERT INTO Gruppo (IdGruppo, TipoGruppo, NumeroReplica, NomeComune) VALUES (8, 'Monitoraggio', '8275078219', 'cumque');
INSERT INTO Gruppo (IdGruppo, TipoGruppo, NumeroReplica, NomeComune) VALUES (57, 'Monitoraggio', '3629730702', 'libero');
INSERT INTO Gruppo (IdGruppo, TipoGruppo, NumeroReplica, NomeComune) VALUES (57, 'Monitoraggio', '1932412273', 'amet');
INSERT INTO Gruppo (IdGruppo, TipoGruppo, NumeroReplica, NomeComune) VALUES (26, 'Monitoraggio', '8936358650', 'blanditiis');
INSERT INTO Gruppo (IdGruppo, TipoGruppo, NumeroReplica, NomeComune) VALUES (71, 'Controllo', '8448640923', 'earum');
INSERT INTO Gruppo (IdGruppo, TipoGruppo, NumeroReplica, NomeComune) VALUES (28, 'Monitoraggio', '7888693422', 'quibusdam');
INSERT INTO Gruppo (IdGruppo, TipoGruppo, NumeroReplica, NomeComune) VALUES (13, 'Monitoraggio', '6467247928', 'illum');
INSERT INTO Gruppo (IdGruppo, TipoGruppo, NumeroReplica, NomeComune) VALUES (79, 'Controllo', '5405741636', 'excepturi');
INSERT INTO Gruppo (IdGruppo, TipoGruppo, NumeroReplica, NomeComune) VALUES (46, 'Monitoraggio', '6730155733', 'nobis');
INSERT INTO Gruppo (IdGruppo, TipoGruppo, NumeroReplica, NomeComune) VALUES (84, 'Controllo', '4185767675', 'eius');
INSERT INTO Gruppo (IdGruppo, TipoGruppo, NumeroReplica, NomeComune) VALUES (21, 'Controllo', '2060495882', 'doloremque');
INSERT INTO Gruppo (IdGruppo, TipoGruppo, NumeroReplica, NomeComune) VALUES (63, 'Controllo', '3686928266', 'in');
INSERT INTO Gruppo (IdGruppo, TipoGruppo, NumeroReplica, NomeComune) VALUES (100, 'Monitoraggio', '7715828484', 'molestiae');
INSERT INTO Gruppo (IdGruppo, TipoGruppo, NumeroReplica, NomeComune) VALUES (26, 'Monitoraggio', '3264344844', 'temporibus');
INSERT INTO Gruppo (IdGruppo, TipoGruppo, NumeroReplica, NomeComune) VALUES (19, 'Controllo', '529750474', 'sit');
INSERT INTO Gruppo (IdGruppo, TipoGruppo, NumeroReplica, NomeComune) VALUES (50, 'Controllo', '8346754854', 'necessitatibus');
INSERT INTO Gruppo (IdGruppo, TipoGruppo, NumeroReplica, NomeComune) VALUES (18, 'Controllo', '62326251', 'delectus');
INSERT INTO Gruppo (IdGruppo, TipoGruppo, NumeroReplica, NomeComune) VALUES (32, 'Controllo', '5359171447', 'placeat');
INSERT INTO Gruppo (IdGruppo, TipoGruppo, NumeroReplica, NomeComune) VALUES (73, 'Controllo', '2116258980', 'blanditiis');
INSERT INTO Gruppo (IdGruppo, TipoGruppo, NumeroReplica, NomeComune) VALUES (57, 'Monitoraggio', '2897205132', 'nihil');
INSERT INTO Gruppo (IdGruppo, TipoGruppo, NumeroReplica, NomeComune) VALUES (38, 'Monitoraggio', '3466756985', 'aut');
INSERT INTO Gruppo (IdGruppo, TipoGruppo, NumeroReplica, NomeComune) VALUES (87, 'Monitoraggio', '9889925272', 'reiciendis');
INSERT INTO Gruppo (IdGruppo, TipoGruppo, NumeroReplica, NomeComune) VALUES (26, 'Controllo', '3016238334', 'quae');
INSERT INTO Gruppo (IdGruppo, TipoGruppo, NumeroReplica, NomeComune) VALUES (4, 'Monitoraggio', '8978805713', 'ullam');
INSERT INTO Gruppo (IdGruppo, TipoGruppo, NumeroReplica, NomeComune) VALUES (46, 'Controllo', '4268092084', 'quod');
INSERT INTO Gruppo (IdGruppo, TipoGruppo, NumeroReplica, NomeComune) VALUES (53, 'Monitoraggio', '4131436097', 'est');
INSERT INTO Gruppo (IdGruppo, TipoGruppo, NumeroReplica, NomeComune) VALUES (93, 'Monitoraggio', '6606230791', 'perferendis');
INSERT INTO Gruppo (IdGruppo, TipoGruppo, NumeroReplica, NomeComune) VALUES (53, 'Controllo', '7983965985', 'molestiae');
INSERT INTO Gruppo (IdGruppo, TipoGruppo, NumeroReplica, NomeComune) VALUES (10, 'Controllo', '9975053615', 'quibusdam');
INSERT INTO Gruppo (IdGruppo, TipoGruppo, NumeroReplica, NomeComune) VALUES (27, 'Controllo', '422464122', 'consequatur');
INSERT INTO Gruppo (IdGruppo, TipoGruppo, NumeroReplica, NomeComune) VALUES (94, 'Monitoraggio', '9943384072', 'suscipit');
INSERT INTO Gruppo (IdGruppo, TipoGruppo, NumeroReplica, NomeComune) VALUES (9, 'Controllo', '8223460977', 'accusantium');
INSERT INTO Gruppo (IdGruppo, TipoGruppo, NumeroReplica, NomeComune) VALUES (90, 'Monitoraggio', '9713059846', 'iste');
INSERT INTO Gruppo (IdGruppo, TipoGruppo, NumeroReplica, NomeComune) VALUES (17, 'Monitoraggio', '3271580909', 'consequuntur');
INSERT INTO Gruppo (IdGruppo, TipoGruppo, NumeroReplica, NomeComune) VALUES (83, 'Controllo', '9591172483', 'assumenda');
INSERT INTO Gruppo (IdGruppo, TipoGruppo, NumeroReplica, NomeComune) VALUES (84, 'Controllo', '3809385843', 'perspiciatis');
INSERT INTO Gruppo (IdGruppo, TipoGruppo, NumeroReplica, NomeComune) VALUES (80, 'Controllo', '9330446329', 'id');
INSERT INTO Gruppo (IdGruppo, TipoGruppo, NumeroReplica, NomeComune) VALUES (82, 'Monitoraggio', '5719083828', 'accusamus');
INSERT INTO Gruppo (IdGruppo, TipoGruppo, NumeroReplica, NomeComune) VALUES (83, 'Controllo', '4571728579', 'debitis');
INSERT INTO Gruppo (IdGruppo, TipoGruppo, NumeroReplica, NomeComune) VALUES (14, 'Controllo', '2440320620', 'explicabo');
INSERT INTO Gruppo (IdGruppo, TipoGruppo, NumeroReplica, NomeComune) VALUES (57, 'Monitoraggio', '3014126476', 'at');
INSERT INTO Gruppo (IdGruppo, TipoGruppo, NumeroReplica, NomeComune) VALUES (85, 'Controllo', '1718826962', 'repudiandae');
INSERT INTO Gruppo (IdGruppo, TipoGruppo, NumeroReplica, NomeComune) VALUES (99, 'Monitoraggio', '3412395495', 'praesentium');
INSERT INTO Gruppo (IdGruppo, TipoGruppo, NumeroReplica, NomeComune) VALUES (8, 'Monitoraggio', '7884749210', 'enim');
INSERT INTO Gruppo (IdGruppo, TipoGruppo, NumeroReplica, NomeComune) VALUES (47, 'Monitoraggio', '2435585531', 'odit');
INSERT INTO Gruppo (IdGruppo, TipoGruppo, NumeroReplica, NomeComune) VALUES (49, 'Monitoraggio', '7719812090', 'temporibus');
INSERT INTO Gruppo (IdGruppo, TipoGruppo, NumeroReplica, NomeComune) VALUES (12, 'Controllo', '1563834177', 'inventore');
INSERT INTO Gruppo (IdGruppo, TipoGruppo, NumeroReplica, NomeComune) VALUES (87, 'Monitoraggio', '4916192269', 'accusantium');
INSERT INTO Gruppo (IdGruppo, TipoGruppo, NumeroReplica, NomeComune) VALUES (80, 'Monitoraggio', '2692731161', 'quaerat');
INSERT INTO Gruppo (IdGruppo, TipoGruppo, NumeroReplica, NomeComune) VALUES (76, 'Monitoraggio', '6817426444', 'quasi');
INSERT INTO Gruppo (IdGruppo, TipoGruppo, NumeroReplica, NomeComune) VALUES (16, 'Controllo', '4902241657', 'dignissimos');
INSERT INTO Gruppo (IdGruppo, TipoGruppo, NumeroReplica, NomeComune) VALUES (35, 'Monitoraggio', '3150097509', 'sequi');
INSERT INTO Gruppo (IdGruppo, TipoGruppo, NumeroReplica, NomeComune) VALUES (8, 'Monitoraggio', '607722261', 'beatae');
INSERT INTO Gruppo (IdGruppo, TipoGruppo, NumeroReplica, NomeComune) VALUES (64, 'Monitoraggio', '177462647', 'soluta');
INSERT INTO Gruppo (IdGruppo, TipoGruppo, NumeroReplica, NomeComune) VALUES (9, 'Controllo', '6509389153', 'vitae');
INSERT INTO Gruppo (IdGruppo, TipoGruppo, NumeroReplica, NomeComune) VALUES (9, 'Controllo', '5507289498', 'quos');
INSERT INTO Gruppo (IdGruppo, TipoGruppo, NumeroReplica, NomeComune) VALUES (88, 'Controllo', '5299869667', 'voluptas');
INSERT INTO Gruppo (IdGruppo, TipoGruppo, NumeroReplica, NomeComune) VALUES (96, 'Controllo', '2696747908', 'eos');
INSERT INTO Gruppo (IdGruppo, TipoGruppo, NumeroReplica, NomeComune) VALUES (45, 'Monitoraggio', '4790687872', 'quo');
INSERT INTO Gruppo (IdGruppo, TipoGruppo, NumeroReplica, NomeComune) VALUES (93, 'Controllo', '5514089772', 'iure');
INSERT INTO Gruppo (IdGruppo, TipoGruppo, NumeroReplica, NomeComune) VALUES (93, 'Controllo', '540541579', 'sunt');
INSERT INTO Gruppo (IdGruppo, TipoGruppo, NumeroReplica, NomeComune) VALUES (77, 'Monitoraggio', '985728657', 'facere');
INSERT INTO Gruppo (IdGruppo, TipoGruppo, NumeroReplica, NomeComune) VALUES (74, 'Controllo', '9185635657', 'explicabo');
INSERT INTO Gruppo (IdGruppo, TipoGruppo, NumeroReplica, NomeComune) VALUES (50, 'Controllo', '9602743555', 'harum');
INSERT INTO Gruppo (IdGruppo, TipoGruppo, NumeroReplica, NomeComune) VALUES (31, 'Monitoraggio', '1631815537', 'maiores');
INSERT INTO Gruppo (IdGruppo, TipoGruppo, NumeroReplica, NomeComune) VALUES (71, 'Monitoraggio', '138291229', 'iusto');
INSERT INTO Gruppo (IdGruppo, TipoGruppo, NumeroReplica, NomeComune) VALUES (28, 'Controllo', '1634461652', 'inventore');
INSERT INTO Gruppo (IdGruppo, TipoGruppo, NumeroReplica, NomeComune) VALUES (95, 'Monitoraggio', '8665691656', 'expedita');
INSERT INTO Gruppo (IdGruppo, TipoGruppo, NumeroReplica, NomeComune) VALUES (87, 'Monitoraggio', '6900726661', 'possimus');
INSERT INTO Gruppo (IdGruppo, TipoGruppo, NumeroReplica, NomeComune) VALUES (70, 'Controllo', '8236585881', 'aliquid');
INSERT INTO Gruppo (IdGruppo, TipoGruppo, NumeroReplica, NomeComune) VALUES (13, 'Monitoraggio', '4614130666', 'quas');
INSERT INTO Gruppo (IdGruppo, TipoGruppo, NumeroReplica, NomeComune) VALUES (42, 'Controllo', '5256120334', 'sint');
INSERT INTO Gruppo (IdGruppo, TipoGruppo, NumeroReplica, NomeComune) VALUES (41, 'Monitoraggio', '7907891449', 'dicta');
INSERT INTO Gruppo (IdGruppo, TipoGruppo, NumeroReplica, NomeComune) VALUES (19, 'Controllo', '3622411765', 'esse');
INSERT INTO Gruppo (IdGruppo, TipoGruppo, NumeroReplica, NomeComune) VALUES (38, 'Controllo', '4148736716', 'sequi');
INSERT INTO Gruppo (IdGruppo, TipoGruppo, NumeroReplica, NomeComune) VALUES (77, 'Controllo', '843857061', 'laborum');
INSERT INTO Gruppo (IdGruppo, TipoGruppo, NumeroReplica, NomeComune) VALUES (13, 'Controllo', '1016093812', 'autem');
INSERT INTO Gruppo (IdGruppo, TipoGruppo, NumeroReplica, NomeComune) VALUES (13, 'Controllo', '4998881968', 'nisi');
INSERT INTO Sensore (IdSensore, TipoSensore, TipoAcquisizione) VALUES (1, 'Sensore', 'App');
INSERT INTO Sensore (IdSensore, TipoSensore, TipoAcquisizione) VALUES (2, 'Sensore', 'Arduino');
INSERT INTO Sensore (IdSensore, TipoSensore, TipoAcquisizione) VALUES (3, 'Arduino', 'App');
INSERT INTO Sensore (IdSensore, TipoSensore, TipoAcquisizione) VALUES (4, 'Arduino', 'Arduino');
INSERT INTO Sensore (IdSensore, TipoSensore, TipoAcquisizione) VALUES (5, 'Arduino', 'App');
INSERT INTO Rilevazione (IdRilevazione, NumeroReplica, NomeComune, DataOraRilevazione, DataOraInserimento, Sensore) VALUES (1, '3908474306', 'culpa', '2022-10-13 16:06:30', '2022-11-14 04:11:40', '5');
INSERT INTO Rilevazione (IdRilevazione, NumeroReplica, NomeComune, DataOraRilevazione, DataOraInserimento, Sensore) VALUES (2, '5862054397', 'vitae', '2023-01-08 13:38:34', '2023-01-10 21:48:50', '1');
INSERT INTO Rilevazione (IdRilevazione, NumeroReplica, NomeComune, DataOraRilevazione, DataOraInserimento, Sensore) VALUES (3, '7399895435', 'quisquam', '2021-02-16 11:38:12', '2021-11-26 00:51:08', '1');
INSERT INTO Rilevazione (IdRilevazione, NumeroReplica, NomeComune, DataOraRilevazione, DataOraInserimento, Sensore) VALUES (4, '6691368059', 'voluptatum', '2021-04-20 17:56:24', '2021-05-20 04:46:22', '5');
INSERT INTO Rilevazione (IdRilevazione, NumeroReplica, NomeComune, DataOraRilevazione, DataOraInserimento, Sensore) VALUES (5, '354780724', 'voluptatibus', '2023-06-04 11:24:13', '2023-06-17 05:52:18', '2');
INSERT INTO Rilevazione (IdRilevazione, NumeroReplica, NomeComune, DataOraRilevazione, DataOraInserimento, Sensore) VALUES (6, '649728503', 'facere', '2022-04-07 21:08:13', '2022-07-11 19:42:41', '4');
INSERT INTO Rilevazione (IdRilevazione, NumeroReplica, NomeComune, DataOraRilevazione, DataOraInserimento, Sensore) VALUES (7, '7124001978', 'facere', '2021-12-22 02:52:34', '2022-09-08 19:07:44', '4');
INSERT INTO Rilevazione (IdRilevazione, NumeroReplica, NomeComune, DataOraRilevazione, DataOraInserimento, Sensore) VALUES (8, '6113359883', 'temporibus', '2021-11-25 19:08:55', '2022-09-15 22:36:13', '3');
INSERT INTO Rilevazione (IdRilevazione, NumeroReplica, NomeComune, DataOraRilevazione, DataOraInserimento, Sensore) VALUES (9, '9070400569', 'eligendi', '2020-07-20 12:27:39', '2020-09-19 12:58:59', '4');
INSERT INTO Rilevazione (IdRilevazione, NumeroReplica, NomeComune, DataOraRilevazione, DataOraInserimento, Sensore) VALUES (10, '7765432050', 'eligendi', '2020-09-19 10:00:41', '2021-07-24 03:55:00', '1');
INSERT INTO Rilevazione (IdRilevazione, NumeroReplica, NomeComune, DataOraRilevazione, DataOraInserimento, Sensore) VALUES (11, '7168804729', 'quas', '2022-01-31 00:03:58', '2023-06-23 19:53:35', '3');
INSERT INTO Rilevazione (IdRilevazione, NumeroReplica, NomeComune, DataOraRilevazione, DataOraInserimento, Sensore) VALUES (12, '9804757362', 'vel', '2023-01-03 20:51:59', '2023-04-19 05:28:52', '5');
INSERT INTO Rilevazione (IdRilevazione, NumeroReplica, NomeComune, DataOraRilevazione, DataOraInserimento, Sensore) VALUES (13, '2753537439', 'adipisci', '2022-09-17 07:21:57', '2022-09-22 03:53:38', '2');
INSERT INTO Rilevazione (IdRilevazione, NumeroReplica, NomeComune, DataOraRilevazione, DataOraInserimento, Sensore) VALUES (14, '4267304107', 'iusto', '2020-02-13 13:27:45', '2022-02-27 00:36:16', '2');
INSERT INTO Rilevazione (IdRilevazione, NumeroReplica, NomeComune, DataOraRilevazione, DataOraInserimento, Sensore) VALUES (15, '9145992640', 'placeat', '2020-11-24 20:46:58', '2021-03-24 04:29:08', '1');
INSERT INTO Rilevazione (IdRilevazione, NumeroReplica, NomeComune, DataOraRilevazione, DataOraInserimento, Sensore) VALUES (16, '9474619854', 'tempora', '2020-08-10 18:36:46', '2023-01-12 06:52:54', '2');
INSERT INTO Rilevazione (IdRilevazione, NumeroReplica, NomeComune, DataOraRilevazione, DataOraInserimento, Sensore) VALUES (17, '8726862143', 'provident', '2021-04-15 11:29:58', '2021-06-07 00:12:21', '4');
INSERT INTO Rilevazione (IdRilevazione, NumeroReplica, NomeComune, DataOraRilevazione, DataOraInserimento, Sensore) VALUES (18, '9925742508', 'id', '2020-06-26 17:42:23', '2020-11-06 02:45:36', '2');
INSERT INTO Rilevazione (IdRilevazione, NumeroReplica, NomeComune, DataOraRilevazione, DataOraInserimento, Sensore) VALUES (19, '3848180434', 'necessitatibus', '2021-07-26 22:28:11', '2022-01-02 16:21:10', '4');
INSERT INTO Rilevazione (IdRilevazione, NumeroReplica, NomeComune, DataOraRilevazione, DataOraInserimento, Sensore) VALUES (20, '3991642651', 'vero', '2022-04-20 17:28:38', '2023-06-10 18:40:57', '5');
INSERT INTO Rilevazione (IdRilevazione, NumeroReplica, NomeComune, DataOraRilevazione, DataOraInserimento, Sensore) VALUES (21, '9250170292', 'quam', '2020-09-21 13:23:18', '2021-09-20 03:57:04', '2');
INSERT INTO Rilevazione (IdRilevazione, NumeroReplica, NomeComune, DataOraRilevazione, DataOraInserimento, Sensore) VALUES (22, '2572531056', 'doloremque', '2023-02-25 06:41:23', '2023-03-19 11:28:19', '1');
INSERT INTO Rilevazione (IdRilevazione, NumeroReplica, NomeComune, DataOraRilevazione, DataOraInserimento, Sensore) VALUES (23, '8275078219', 'cumque', '2022-11-16 04:09:58', '2023-05-17 01:23:34', '2');
INSERT INTO Rilevazione (IdRilevazione, NumeroReplica, NomeComune, DataOraRilevazione, DataOraInserimento, Sensore) VALUES (24, '3629730702', 'libero', '2020-05-31 12:12:50', '2021-10-12 09:54:07', '2');
INSERT INTO Rilevazione (IdRilevazione, NumeroReplica, NomeComune, DataOraRilevazione, DataOraInserimento, Sensore) VALUES (25, '1932412273', 'amet', '2022-03-23 01:08:17', '2022-07-05 19:22:57', '2');
INSERT INTO Rilevazione (IdRilevazione, NumeroReplica, NomeComune, DataOraRilevazione, DataOraInserimento, Sensore) VALUES (26, '8936358650', 'blanditiis', '2020-09-21 19:42:11', '2021-07-24 13:11:26', '1');
INSERT INTO Rilevazione (IdRilevazione, NumeroReplica, NomeComune, DataOraRilevazione, DataOraInserimento, Sensore) VALUES (27, '8448640923', 'earum', '2021-03-12 18:08:19', '2021-07-22 23:12:11', '1');
INSERT INTO Rilevazione (IdRilevazione, NumeroReplica, NomeComune, DataOraRilevazione, DataOraInserimento, Sensore) VALUES (28, '7888693422', 'quibusdam', '2020-08-25 05:05:34', '2020-09-07 01:36:45', '5');
INSERT INTO Rilevazione (IdRilevazione, NumeroReplica, NomeComune, DataOraRilevazione, DataOraInserimento, Sensore) VALUES (29, '6467247928', 'illum', '2021-01-19 17:05:38', '2021-10-11 02:37:56', '1');
INSERT INTO Rilevazione (IdRilevazione, NumeroReplica, NomeComune, DataOraRilevazione, DataOraInserimento, Sensore) VALUES (30, '5405741636', 'excepturi', '2020-12-31 15:19:36', '2022-11-21 18:49:34', '3');
INSERT INTO Rilevazione (IdRilevazione, NumeroReplica, NomeComune, DataOraRilevazione, DataOraInserimento, Sensore) VALUES (31, '6730155733', 'nobis', '2022-12-05 23:27:47', '2023-05-31 18:30:01', '5');
INSERT INTO Rilevazione (IdRilevazione, NumeroReplica, NomeComune, DataOraRilevazione, DataOraInserimento, Sensore) VALUES (32, '4185767675', 'eius', '2020-05-23 04:59:17', '2023-01-15 06:53:48', '3');
INSERT INTO Rilevazione (IdRilevazione, NumeroReplica, NomeComune, DataOraRilevazione, DataOraInserimento, Sensore) VALUES (33, '2060495882', 'doloremque', '2022-09-26 07:53:19', '2022-11-22 05:52:16', '4');
INSERT INTO Rilevazione (IdRilevazione, NumeroReplica, NomeComune, DataOraRilevazione, DataOraInserimento, Sensore) VALUES (34, '3686928266', 'in', '2023-07-01 19:59:45', '2023-07-03 12:10:30', '4');
INSERT INTO Rilevazione (IdRilevazione, NumeroReplica, NomeComune, DataOraRilevazione, DataOraInserimento, Sensore) VALUES (35, '7715828484', 'molestiae', '2022-12-30 00:58:14', '2023-05-22 23:54:56', '4');
INSERT INTO Rilevazione (IdRilevazione, NumeroReplica, NomeComune, DataOraRilevazione, DataOraInserimento, Sensore) VALUES (36, '3264344844', 'temporibus', '2022-12-04 17:08:10', '2023-02-26 23:09:17', '2');
INSERT INTO Rilevazione (IdRilevazione, NumeroReplica, NomeComune, DataOraRilevazione, DataOraInserimento, Sensore) VALUES (37, '529750474', 'sit', '2021-07-14 19:35:29', '2023-05-24 10:01:14', '4');
INSERT INTO Rilevazione (IdRilevazione, NumeroReplica, NomeComune, DataOraRilevazione, DataOraInserimento, Sensore) VALUES (38, '8346754854', 'necessitatibus', '2022-11-05 09:39:56', '2023-01-05 02:19:32', '1');
INSERT INTO Rilevazione (IdRilevazione, NumeroReplica, NomeComune, DataOraRilevazione, DataOraInserimento, Sensore) VALUES (39, '62326251', 'delectus', '2020-02-01 19:11:33', '2021-11-10 23:29:06', '5');
INSERT INTO Rilevazione (IdRilevazione, NumeroReplica, NomeComune, DataOraRilevazione, DataOraInserimento, Sensore) VALUES (40, '5359171447', 'placeat', '2021-02-16 03:46:14', '2021-04-16 00:52:47', '5');
INSERT INTO Rilevazione (IdRilevazione, NumeroReplica, NomeComune, DataOraRilevazione, DataOraInserimento, Sensore) VALUES (41, '2116258980', 'blanditiis', '2022-06-26 13:48:34', '2022-09-08 18:58:22', '4');
INSERT INTO Rilevazione (IdRilevazione, NumeroReplica, NomeComune, DataOraRilevazione, DataOraInserimento, Sensore) VALUES (42, '2897205132', 'nihil', '2021-04-09 07:10:18', '2021-09-27 09:53:17', '4');
INSERT INTO Rilevazione (IdRilevazione, NumeroReplica, NomeComune, DataOraRilevazione, DataOraInserimento, Sensore) VALUES (43, '3466756985', 'aut', '2021-07-13 20:03:28', '2022-06-29 13:33:43', '1');
INSERT INTO Rilevazione (IdRilevazione, NumeroReplica, NomeComune, DataOraRilevazione, DataOraInserimento, Sensore) VALUES (44, '9889925272', 'reiciendis', '2020-12-14 19:22:09', '2022-03-02 12:33:52', '3');
INSERT INTO Rilevazione (IdRilevazione, NumeroReplica, NomeComune, DataOraRilevazione, DataOraInserimento, Sensore) VALUES (45, '3016238334', 'quae', '2022-04-14 14:56:12', '2023-06-19 07:47:58', '1');
INSERT INTO Rilevazione (IdRilevazione, NumeroReplica, NomeComune, DataOraRilevazione, DataOraInserimento, Sensore) VALUES (46, '8978805713', 'ullam', '2021-07-08 06:11:10', '2023-05-15 08:30:10', '1');
INSERT INTO Rilevazione (IdRilevazione, NumeroReplica, NomeComune, DataOraRilevazione, DataOraInserimento, Sensore) VALUES (47, '4268092084', 'quod', '2023-06-23 09:53:04', '2023-07-01 13:44:28', '5');
INSERT INTO Rilevazione (IdRilevazione, NumeroReplica, NomeComune, DataOraRilevazione, DataOraInserimento, Sensore) VALUES (48, '4131436097', 'est', '2020-05-29 13:41:21', '2023-06-04 12:15:57', '4');
INSERT INTO Rilevazione (IdRilevazione, NumeroReplica, NomeComune, DataOraRilevazione, DataOraInserimento, Sensore) VALUES (49, '6606230791', 'perferendis', '2023-04-19 06:21:20', '2023-05-04 18:40:55', '4');
INSERT INTO Rilevazione (IdRilevazione, NumeroReplica, NomeComune, DataOraRilevazione, DataOraInserimento, Sensore) VALUES (50, '7983965985', 'molestiae', '2023-04-16 20:36:51', '2023-06-25 10:39:17', '2');
INSERT INTO Rilevazione (IdRilevazione, NumeroReplica, NomeComune, DataOraRilevazione, DataOraInserimento, Sensore) VALUES (51, '9975053615', 'quibusdam', '2020-10-21 13:54:06', '2020-10-24 20:33:21', '4');
INSERT INTO Rilevazione (IdRilevazione, NumeroReplica, NomeComune, DataOraRilevazione, DataOraInserimento, Sensore) VALUES (52, '422464122', 'consequatur', '2022-09-04 18:26:04', '2023-01-08 07:58:18', '1');
INSERT INTO Rilevazione (IdRilevazione, NumeroReplica, NomeComune, DataOraRilevazione, DataOraInserimento, Sensore) VALUES (53, '9943384072', 'suscipit', '2022-01-29 03:27:47', '2023-04-14 03:11:51', '2');
INSERT INTO Rilevazione (IdRilevazione, NumeroReplica, NomeComune, DataOraRilevazione, DataOraInserimento, Sensore) VALUES (54, '8223460977', 'accusantium', '2023-06-16 22:37:27', '2023-06-25 12:39:32', '3');
INSERT INTO Rilevazione (IdRilevazione, NumeroReplica, NomeComune, DataOraRilevazione, DataOraInserimento, Sensore) VALUES (55, '9713059846', 'iste', '2020-01-22 02:59:45', '2022-01-24 11:27:44', '2');
INSERT INTO Rilevazione (IdRilevazione, NumeroReplica, NomeComune, DataOraRilevazione, DataOraInserimento, Sensore) VALUES (56, '3271580909', 'consequuntur', '2021-03-31 19:29:10', '2021-08-21 19:27:33', '4');
INSERT INTO Rilevazione (IdRilevazione, NumeroReplica, NomeComune, DataOraRilevazione, DataOraInserimento, Sensore) VALUES (57, '9591172483', 'assumenda', '2022-07-03 10:01:38', '2023-01-08 11:17:30', '2');
INSERT INTO Rilevazione (IdRilevazione, NumeroReplica, NomeComune, DataOraRilevazione, DataOraInserimento, Sensore) VALUES (58, '3809385843', 'perspiciatis', '2021-01-29 00:14:31', '2021-02-09 15:52:44', '5');
INSERT INTO Rilevazione (IdRilevazione, NumeroReplica, NomeComune, DataOraRilevazione, DataOraInserimento, Sensore) VALUES (59, '9330446329', 'id', '2022-10-04 06:40:32', '2023-04-30 16:35:50', '5');
INSERT INTO Rilevazione (IdRilevazione, NumeroReplica, NomeComune, DataOraRilevazione, DataOraInserimento, Sensore) VALUES (60, '5719083828', 'accusamus', '2021-05-31 08:32:31', '2022-04-23 22:56:04', '4');
INSERT INTO Rilevazione (IdRilevazione, NumeroReplica, NomeComune, DataOraRilevazione, DataOraInserimento, Sensore) VALUES (61, '4571728579', 'debitis', '2022-05-27 20:04:05', '2023-06-07 10:22:35', '4');
INSERT INTO Rilevazione (IdRilevazione, NumeroReplica, NomeComune, DataOraRilevazione, DataOraInserimento, Sensore) VALUES (62, '2440320620', 'explicabo', '2023-05-25 13:39:03', '2023-06-20 11:53:30', '1');
INSERT INTO Rilevazione (IdRilevazione, NumeroReplica, NomeComune, DataOraRilevazione, DataOraInserimento, Sensore) VALUES (63, '3014126476', 'at', '2021-02-13 21:30:15', '2023-03-09 07:21:42', '5');
INSERT INTO Rilevazione (IdRilevazione, NumeroReplica, NomeComune, DataOraRilevazione, DataOraInserimento, Sensore) VALUES (64, '1718826962', 'repudiandae', '2022-06-12 23:27:48', '2023-03-09 06:56:02', '4');
INSERT INTO Rilevazione (IdRilevazione, NumeroReplica, NomeComune, DataOraRilevazione, DataOraInserimento, Sensore) VALUES (65, '3412395495', 'praesentium', '2020-04-10 00:58:02', '2022-02-16 05:45:31', '2');
INSERT INTO Rilevazione (IdRilevazione, NumeroReplica, NomeComune, DataOraRilevazione, DataOraInserimento, Sensore) VALUES (66, '7884749210', 'enim', '2023-06-04 05:56:32', '2023-06-09 19:28:48', '5');
INSERT INTO Rilevazione (IdRilevazione, NumeroReplica, NomeComune, DataOraRilevazione, DataOraInserimento, Sensore) VALUES (67, '2435585531', 'odit', '2022-01-14 09:59:50', '2022-03-18 10:30:43', '1');
INSERT INTO Rilevazione (IdRilevazione, NumeroReplica, NomeComune, DataOraRilevazione, DataOraInserimento, Sensore) VALUES (68, '7719812090', 'temporibus', '2022-08-14 19:57:45', '2023-07-03 07:52:08', '2');
INSERT INTO Rilevazione (IdRilevazione, NumeroReplica, NomeComune, DataOraRilevazione, DataOraInserimento, Sensore) VALUES (69, '1563834177', 'inventore', '2021-12-13 21:37:05', '2023-04-05 14:06:09', '3');
INSERT INTO Rilevazione (IdRilevazione, NumeroReplica, NomeComune, DataOraRilevazione, DataOraInserimento, Sensore) VALUES (70, '4916192269', 'accusantium', '2021-11-25 02:55:03', '2023-05-17 11:43:38', '5');
INSERT INTO Rilevazione (IdRilevazione, NumeroReplica, NomeComune, DataOraRilevazione, DataOraInserimento, Sensore) VALUES (71, '2692731161', 'quaerat', '2023-01-21 09:21:27', '2023-06-29 02:59:44', '5');
INSERT INTO Rilevazione (IdRilevazione, NumeroReplica, NomeComune, DataOraRilevazione, DataOraInserimento, Sensore) VALUES (72, '6817426444', 'quasi', '2020-04-18 17:40:37', '2021-10-28 07:59:04', '1');
INSERT INTO Rilevazione (IdRilevazione, NumeroReplica, NomeComune, DataOraRilevazione, DataOraInserimento, Sensore) VALUES (73, '4902241657', 'dignissimos', '2022-05-29 08:13:16', '2023-01-06 17:14:58', '1');
INSERT INTO Rilevazione (IdRilevazione, NumeroReplica, NomeComune, DataOraRilevazione, DataOraInserimento, Sensore) VALUES (74, '3150097509', 'sequi', '2022-04-16 20:32:58', '2023-04-21 22:34:27', '2');
INSERT INTO Rilevazione (IdRilevazione, NumeroReplica, NomeComune, DataOraRilevazione, DataOraInserimento, Sensore) VALUES (75, '607722261', 'beatae', '2022-09-02 08:03:02', '2022-12-08 14:19:03', '5');
INSERT INTO Rilevazione (IdRilevazione, NumeroReplica, NomeComune, DataOraRilevazione, DataOraInserimento, Sensore) VALUES (76, '177462647', 'soluta', '2021-02-09 23:10:17', '2021-02-24 03:08:55', '1');
INSERT INTO Rilevazione (IdRilevazione, NumeroReplica, NomeComune, DataOraRilevazione, DataOraInserimento, Sensore) VALUES (77, '6509389153', 'vitae', '2023-01-29 22:43:53', '2023-05-01 10:58:43', '1');
INSERT INTO Rilevazione (IdRilevazione, NumeroReplica, NomeComune, DataOraRilevazione, DataOraInserimento, Sensore) VALUES (78, '5507289498', 'quos', '2022-03-25 02:29:10', '2022-06-18 15:19:24', '2');
INSERT INTO Rilevazione (IdRilevazione, NumeroReplica, NomeComune, DataOraRilevazione, DataOraInserimento, Sensore) VALUES (79, '5299869667', 'voluptas', '2020-09-28 17:43:38', '2021-04-25 19:34:56', '5');
INSERT INTO Rilevazione (IdRilevazione, NumeroReplica, NomeComune, DataOraRilevazione, DataOraInserimento, Sensore) VALUES (80, '2696747908', 'eos', '2022-04-04 14:14:37', '2022-11-28 05:11:42', '1');
INSERT INTO Rilevazione (IdRilevazione, NumeroReplica, NomeComune, DataOraRilevazione, DataOraInserimento, Sensore) VALUES (81, '4790687872', 'quo', '2020-11-12 00:16:27', '2022-10-04 20:53:22', '5');
INSERT INTO Rilevazione (IdRilevazione, NumeroReplica, NomeComune, DataOraRilevazione, DataOraInserimento, Sensore) VALUES (82, '5514089772', 'iure', '2021-09-14 17:51:25', '2021-10-22 12:21:33', '5');
INSERT INTO Rilevazione (IdRilevazione, NumeroReplica, NomeComune, DataOraRilevazione, DataOraInserimento, Sensore) VALUES (83, '540541579', 'sunt', '2021-08-17 10:53:19', '2023-04-28 04:10:56', '3');
INSERT INTO Rilevazione (IdRilevazione, NumeroReplica, NomeComune, DataOraRilevazione, DataOraInserimento, Sensore) VALUES (84, '985728657', 'facere', '2022-04-30 04:46:16', '2022-08-26 16:55:13', '1');
INSERT INTO Rilevazione (IdRilevazione, NumeroReplica, NomeComune, DataOraRilevazione, DataOraInserimento, Sensore) VALUES (85, '9185635657', 'explicabo', '2020-11-20 16:35:38', '2021-10-29 18:11:43', '5');
INSERT INTO Rilevazione (IdRilevazione, NumeroReplica, NomeComune, DataOraRilevazione, DataOraInserimento, Sensore) VALUES (86, '9602743555', 'harum', '2023-03-16 16:39:06', '2023-06-16 22:45:10', '4');
INSERT INTO Rilevazione (IdRilevazione, NumeroReplica, NomeComune, DataOraRilevazione, DataOraInserimento, Sensore) VALUES (87, '1631815537', 'maiores', '2022-10-10 18:22:30', '2022-10-14 07:51:14', '4');
INSERT INTO Rilevazione (IdRilevazione, NumeroReplica, NomeComune, DataOraRilevazione, DataOraInserimento, Sensore) VALUES (88, '138291229', 'iusto', '2021-04-28 18:24:56', '2022-02-07 12:20:42', '1');
INSERT INTO Rilevazione (IdRilevazione, NumeroReplica, NomeComune, DataOraRilevazione, DataOraInserimento, Sensore) VALUES (89, '1634461652', 'inventore', '2022-10-18 11:08:05', '2022-11-22 05:24:37', '1');
INSERT INTO Rilevazione (IdRilevazione, NumeroReplica, NomeComune, DataOraRilevazione, DataOraInserimento, Sensore) VALUES (90, '8665691656', 'expedita', '2021-11-12 21:14:56', '2022-12-23 00:09:48', '2');
INSERT INTO Rilevazione (IdRilevazione, NumeroReplica, NomeComune, DataOraRilevazione, DataOraInserimento, Sensore) VALUES (91, '6900726661', 'possimus', '2021-03-31 05:40:01', '2022-09-26 11:29:54', '5');
INSERT INTO Rilevazione (IdRilevazione, NumeroReplica, NomeComune, DataOraRilevazione, DataOraInserimento, Sensore) VALUES (92, '8236585881', 'aliquid', '2022-11-08 18:08:33', '2022-11-19 16:43:29', '2');
INSERT INTO Rilevazione (IdRilevazione, NumeroReplica, NomeComune, DataOraRilevazione, DataOraInserimento, Sensore) VALUES (93, '4614130666', 'quas', '2022-04-24 10:44:00', '2022-08-11 08:55:47', '5');
INSERT INTO Rilevazione (IdRilevazione, NumeroReplica, NomeComune, DataOraRilevazione, DataOraInserimento, Sensore) VALUES (94, '5256120334', 'sint', '2023-05-29 23:09:00', '2023-07-01 05:19:06', '3');
INSERT INTO Rilevazione (IdRilevazione, NumeroReplica, NomeComune, DataOraRilevazione, DataOraInserimento, Sensore) VALUES (95, '7907891449', 'dicta', '2020-06-18 06:29:55', '2021-02-14 15:24:06', '1');
INSERT INTO Rilevazione (IdRilevazione, NumeroReplica, NomeComune, DataOraRilevazione, DataOraInserimento, Sensore) VALUES (96, '3622411765', 'esse', '2021-07-10 00:16:03', '2021-11-19 08:18:56', '4');
INSERT INTO Rilevazione (IdRilevazione, NumeroReplica, NomeComune, DataOraRilevazione, DataOraInserimento, Sensore) VALUES (97, '4148736716', 'sequi', '2023-02-24 05:51:48', '2023-06-28 17:59:10', '5');
INSERT INTO Rilevazione (IdRilevazione, NumeroReplica, NomeComune, DataOraRilevazione, DataOraInserimento, Sensore) VALUES (98, '843857061', 'laborum', '2021-04-18 05:55:15', '2023-05-07 21:01:27', '1');
INSERT INTO Rilevazione (IdRilevazione, NumeroReplica, NomeComune, DataOraRilevazione, DataOraInserimento, Sensore) VALUES (99, '1016093812', 'autem', '2020-06-02 15:24:31', '2021-02-22 05:26:47', '3');
INSERT INTO Rilevazione (IdRilevazione, NumeroReplica, NomeComune, DataOraRilevazione, DataOraInserimento, Sensore) VALUES (100, '4998881968', 'nisi', '2020-01-19 10:29:56', '2021-11-13 06:36:50', '4');
INSERT INTO Dati (Rilevazione, Temperatura, Umidita, Ph, FoglieDanneggiate, SuperficieFoglieDanneggiate, Fiori, Frutti, AltezzaPianta, LunghezzaRadice) VALUES ('1', 14.70800330103402, 40.88415054519166, 6.800973744009402, 2, 75.67490341138188, 0, 48, 125.57754687123531, 104.80443654392346);
INSERT INTO Dati (Rilevazione, Temperatura, Umidita, Ph, FoglieDanneggiate, SuperficieFoglieDanneggiate, Fiori, Frutti, AltezzaPianta, LunghezzaRadice) VALUES ('2', 24.499809247203324, 64.41625446404777, 5.498990025827316, 7, 22.4576262296316, 0, 41, 104.301989326291, 33.64851201197391);
INSERT INTO Dati (Rilevazione, Temperatura, Umidita, Ph, FoglieDanneggiate, SuperficieFoglieDanneggiate, Fiori, Frutti, AltezzaPianta, LunghezzaRadice) VALUES ('3', 26.302539824564484, 61.557224304361114, 6.40025519319895, 6, 12.586719297317739, 19, 32, 181.27520078788638, 47.09880055445959);
INSERT INTO Dati (Rilevazione, Temperatura, Umidita, Ph, FoglieDanneggiate, SuperficieFoglieDanneggiate, Fiori, Frutti, AltezzaPianta, LunghezzaRadice) VALUES ('4', 29.407048188521134, 42.164735317632534, 5.902596573369131, 4, 79.73007501708331, 20, 18, 123.67211691887582, 132.6733736408343);
INSERT INTO Dati (Rilevazione, Temperatura, Umidita, Ph, FoglieDanneggiate, SuperficieFoglieDanneggiate, Fiori, Frutti, AltezzaPianta, LunghezzaRadice) VALUES ('5', 11.182885706170072, 31.663119565686543, 7.697936301609991, 7, 59.390275977785286, 7, 23, 90.09064650842313, 76.95402441620703);
INSERT INTO Dati (Rilevazione, Temperatura, Umidita, Ph, FoglieDanneggiate, SuperficieFoglieDanneggiate, Fiori, Frutti, AltezzaPianta, LunghezzaRadice) VALUES ('6', 29.058526525094432, 73.36210950309034, 6.338005938686617, 0, 80.30074333237728, 6, 47, 169.70156760259198, 92.86631665841848);
INSERT INTO Dati (Rilevazione, Temperatura, Umidita, Ph, FoglieDanneggiate, SuperficieFoglieDanneggiate, Fiori, Frutti, AltezzaPianta, LunghezzaRadice) VALUES ('7', 26.02152700115213, 35.19820053122399, 6.148407915771896, 10, 31.1765840149122, 17, 47, 15.575991135221956, 130.8503588213705);
INSERT INTO Dati (Rilevazione, Temperatura, Umidita, Ph, FoglieDanneggiate, SuperficieFoglieDanneggiate, Fiori, Frutti, AltezzaPianta, LunghezzaRadice) VALUES ('8', 21.314888813511423, 51.87735673441219, 6.484433120600395, 0, 10.883555579757964, 20, 20, 27.260448464148023, 189.45330376428333);
INSERT INTO Dati (Rilevazione, Temperatura, Umidita, Ph, FoglieDanneggiate, SuperficieFoglieDanneggiate, Fiori, Frutti, AltezzaPianta, LunghezzaRadice) VALUES ('9', 10.393736072943051, 38.48990853837765, 5.475591507558787, 0, 59.439972062769485, 4, 28, 148.09668032319223, 26.036220484943726);
INSERT INTO Dati (Rilevazione, Temperatura, Umidita, Ph, FoglieDanneggiate, SuperficieFoglieDanneggiate, Fiori, Frutti, AltezzaPianta, LunghezzaRadice) VALUES ('10', 24.633449230448957, 34.47342982553788, 5.756545336611459, 1, 63.532153675962824, 12, 41, 80.63137748650597, 10.750931952245232);
INSERT INTO Dati (Rilevazione, Temperatura, Umidita, Ph, FoglieDanneggiate, SuperficieFoglieDanneggiate, Fiori, Frutti, AltezzaPianta, LunghezzaRadice) VALUES ('11', 12.67574284559215, 58.92986713499286, 7.372600682102279, 10, 97.82339397732109, 2, 18, 67.9664145305709, 19.6719049609757);
INSERT INTO Dati (Rilevazione, Temperatura, Umidita, Ph, FoglieDanneggiate, SuperficieFoglieDanneggiate, Fiori, Frutti, AltezzaPianta, LunghezzaRadice) VALUES ('12', 23.677510755597286, 59.83462854417435, 7.451797483357563, 3, 10.742206646038232, 2, 26, 51.9539784896622, 68.92178122630028);
INSERT INTO Dati (Rilevazione, Temperatura, Umidita, Ph, FoglieDanneggiate, SuperficieFoglieDanneggiate, Fiori, Frutti, AltezzaPianta, LunghezzaRadice) VALUES ('13', 23.132162061081385, 59.82707858647168, 7.711419181520858, 7, 57.35807958461735, 13, 39, 31.432752100326493, 170.55555516671924);
INSERT INTO Dati (Rilevazione, Temperatura, Umidita, Ph, FoglieDanneggiate, SuperficieFoglieDanneggiate, Fiori, Frutti, AltezzaPianta, LunghezzaRadice) VALUES ('14', 28.702653898770798, 73.6908798376834, 7.754594938506523, 6, 73.2849431322425, 1, 26, 17.690155696234605, 134.8129904188873);
INSERT INTO Dati (Rilevazione, Temperatura, Umidita, Ph, FoglieDanneggiate, SuperficieFoglieDanneggiate, Fiori, Frutti, AltezzaPianta, LunghezzaRadice) VALUES ('15', 15.258731337453908, 76.53962117810386, 5.99844151878919, 10, 21.44040024110182, 5, 14, 191.52273207960488, 96.0624975078065);
INSERT INTO Dati (Rilevazione, Temperatura, Umidita, Ph, FoglieDanneggiate, SuperficieFoglieDanneggiate, Fiori, Frutti, AltezzaPianta, LunghezzaRadice) VALUES ('16', 21.31595237741668, 33.317413648843115, 5.0896279665472886, 10, 6.2671297993710855, 15, 1, 30.764999159292934, 186.0629149373333);
INSERT INTO Dati (Rilevazione, Temperatura, Umidita, Ph, FoglieDanneggiate, SuperficieFoglieDanneggiate, Fiori, Frutti, AltezzaPianta, LunghezzaRadice) VALUES ('17', 10.455692079395169, 43.72999184383244, 7.2217304187706635, 9, 85.9754562182852, 13, 14, 118.78255610501371, 91.73410664087606);
INSERT INTO Dati (Rilevazione, Temperatura, Umidita, Ph, FoglieDanneggiate, SuperficieFoglieDanneggiate, Fiori, Frutti, AltezzaPianta, LunghezzaRadice) VALUES ('18', 17.64251896318171, 61.991188078160604, 5.722675479192234, 0, 17.48062977909476, 5, 23, 70.75954045408716, 61.05951021522598);
INSERT INTO Dati (Rilevazione, Temperatura, Umidita, Ph, FoglieDanneggiate, SuperficieFoglieDanneggiate, Fiori, Frutti, AltezzaPianta, LunghezzaRadice) VALUES ('19', 28.394865167013347, 33.89458993699256, 6.844522563207627, 3, 8.880683178371918, 6, 2, 194.43729659091065, 48.67003704333764);
INSERT INTO Dati (Rilevazione, Temperatura, Umidita, Ph, FoglieDanneggiate, SuperficieFoglieDanneggiate, Fiori, Frutti, AltezzaPianta, LunghezzaRadice) VALUES ('20', 13.05240168682019, 46.55323633931242, 6.049589405229388, 0, 97.05599767260016, 18, 28, 145.6667200783701, 66.53410052625705);
INSERT INTO Dati (Rilevazione, Temperatura, Umidita, Ph, FoglieDanneggiate, SuperficieFoglieDanneggiate, Fiori, Frutti, AltezzaPianta, LunghezzaRadice) VALUES ('21', 10.361342748265338, 62.63388779037587, 7.671767630239177, 6, 85.29648325774339, 16, 38, 34.48562683366478, 147.4126413639591);
INSERT INTO Dati (Rilevazione, Temperatura, Umidita, Ph, FoglieDanneggiate, SuperficieFoglieDanneggiate, Fiori, Frutti, AltezzaPianta, LunghezzaRadice) VALUES ('22', 19.54787712745035, 72.90657157008911, 5.640856238327542, 6, 48.89986423522771, 17, 46, 75.52588281276935, 54.52007152501582);
INSERT INTO Dati (Rilevazione, Temperatura, Umidita, Ph, FoglieDanneggiate, SuperficieFoglieDanneggiate, Fiori, Frutti, AltezzaPianta, LunghezzaRadice) VALUES ('23', 10.072473207434662, 32.473602850495475, 6.964215059096059, 6, 58.64008854692047, 14, 44, 120.5670577002365, 56.70628843163145);
INSERT INTO Dati (Rilevazione, Temperatura, Umidita, Ph, FoglieDanneggiate, SuperficieFoglieDanneggiate, Fiori, Frutti, AltezzaPianta, LunghezzaRadice) VALUES ('24', 22.662136320113877, 73.3958141289854, 7.075936554963953, 1, 86.26763562177561, 2, 26, 166.06531994839904, 15.87608137986416);
INSERT INTO Dati (Rilevazione, Temperatura, Umidita, Ph, FoglieDanneggiate, SuperficieFoglieDanneggiate, Fiori, Frutti, AltezzaPianta, LunghezzaRadice) VALUES ('25', 15.698654891299523, 44.980281607996865, 5.890019931417968, 5, 61.777235966254985, 9, 18, 29.764060679453713, 141.71660903829348);
INSERT INTO Dati (Rilevazione, Temperatura, Umidita, Ph, FoglieDanneggiate, SuperficieFoglieDanneggiate, Fiori, Frutti, AltezzaPianta, LunghezzaRadice) VALUES ('26', 14.949161048137436, 69.04466136179204, 6.97009616236358, 3, 64.05750592012112, 8, 4, 108.53321987923448, 127.11428815088829);
INSERT INTO Dati (Rilevazione, Temperatura, Umidita, Ph, FoglieDanneggiate, SuperficieFoglieDanneggiate, Fiori, Frutti, AltezzaPianta, LunghezzaRadice) VALUES ('27', 28.336131456339867, 52.08457626217274, 7.882945482209136, 4, 44.19846482373764, 16, 42, 69.45666181212493, 163.9165943703116);
INSERT INTO Dati (Rilevazione, Temperatura, Umidita, Ph, FoglieDanneggiate, SuperficieFoglieDanneggiate, Fiori, Frutti, AltezzaPianta, LunghezzaRadice) VALUES ('28', 23.49675913843116, 63.493829054789906, 6.5862880171058595, 3, 89.09883539429677, 2, 45, 70.55899698674493, 29.33788303855775);
INSERT INTO Dati (Rilevazione, Temperatura, Umidita, Ph, FoglieDanneggiate, SuperficieFoglieDanneggiate, Fiori, Frutti, AltezzaPianta, LunghezzaRadice) VALUES ('29', 23.612303464515623, 71.85726568915072, 6.904686958179401, 8, 49.65007473546681, 17, 25, 21.08329286245791, 51.2599235360333);
INSERT INTO Dati (Rilevazione, Temperatura, Umidita, Ph, FoglieDanneggiate, SuperficieFoglieDanneggiate, Fiori, Frutti, AltezzaPianta, LunghezzaRadice) VALUES ('30', 17.056849438262677, 32.25145907326939, 5.407818141273981, 6, 63.72918879767926, 19, 42, 94.65095869835834, 189.9407978115511);
INSERT INTO Dati (Rilevazione, Temperatura, Umidita, Ph, FoglieDanneggiate, SuperficieFoglieDanneggiate, Fiori, Frutti, AltezzaPianta, LunghezzaRadice) VALUES ('31', 13.553124496600336, 73.73930567665845, 5.6730049336534005, 3, 78.46832626477183, 11, 19, 70.81087589065383, 69.28044215038986);
INSERT INTO Dati (Rilevazione, Temperatura, Umidita, Ph, FoglieDanneggiate, SuperficieFoglieDanneggiate, Fiori, Frutti, AltezzaPianta, LunghezzaRadice) VALUES ('32', 28.90867984941202, 51.62236869853558, 6.973230436531377, 5, 62.89549162684405, 5, 13, 12.446100874677995, 122.05589463185818);
INSERT INTO Dati (Rilevazione, Temperatura, Umidita, Ph, FoglieDanneggiate, SuperficieFoglieDanneggiate, Fiori, Frutti, AltezzaPianta, LunghezzaRadice) VALUES ('33', 27.98019515594111, 74.2823602808051, 5.603288654342985, 8, 72.91736598583142, 1, 32, 11.20279868833717, 84.23459497495227);
INSERT INTO Dati (Rilevazione, Temperatura, Umidita, Ph, FoglieDanneggiate, SuperficieFoglieDanneggiate, Fiori, Frutti, AltezzaPianta, LunghezzaRadice) VALUES ('34', 26.026762168054002, 69.44361235054248, 7.576628643178065, 1, 81.52064033536617, 3, 9, 183.27137658588876, 160.84370394281646);
INSERT INTO Dati (Rilevazione, Temperatura, Umidita, Ph, FoglieDanneggiate, SuperficieFoglieDanneggiate, Fiori, Frutti, AltezzaPianta, LunghezzaRadice) VALUES ('35', 21.741152250430478, 66.85002787019482, 5.314783919499574, 6, 86.94049534109409, 7, 21, 155.7840870265781, 83.53521682896286);
INSERT INTO Dati (Rilevazione, Temperatura, Umidita, Ph, FoglieDanneggiate, SuperficieFoglieDanneggiate, Fiori, Frutti, AltezzaPianta, LunghezzaRadice) VALUES ('36', 27.904415356772653, 32.46553180156303, 6.1762756854016825, 0, 34.25742416328583, 12, 12, 95.6503122464915, 144.79231226564175);
INSERT INTO Dati (Rilevazione, Temperatura, Umidita, Ph, FoglieDanneggiate, SuperficieFoglieDanneggiate, Fiori, Frutti, AltezzaPianta, LunghezzaRadice) VALUES ('37', 12.329517688985323, 76.48152285883374, 5.515849005151042, 9, 52.767702490922765, 14, 3, 25.628559323205973, 49.08480049615442);
INSERT INTO Dati (Rilevazione, Temperatura, Umidita, Ph, FoglieDanneggiate, SuperficieFoglieDanneggiate, Fiori, Frutti, AltezzaPianta, LunghezzaRadice) VALUES ('38', 26.336657732210902, 31.556201608713614, 5.671608723665861, 4, 54.78122863503315, 19, 33, 124.26075384716178, 124.62881420536037);
INSERT INTO Dati (Rilevazione, Temperatura, Umidita, Ph, FoglieDanneggiate, SuperficieFoglieDanneggiate, Fiori, Frutti, AltezzaPianta, LunghezzaRadice) VALUES ('39', 10.479210344301478, 43.31866095312192, 6.672497298454418, 6, 29.009334854489012, 18, 20, 56.35151577976308, 61.1824074432318);
INSERT INTO Dati (Rilevazione, Temperatura, Umidita, Ph, FoglieDanneggiate, SuperficieFoglieDanneggiate, Fiori, Frutti, AltezzaPianta, LunghezzaRadice) VALUES ('40', 11.168975422839447, 38.14544722055299, 5.42508382995938, 4, 0.9881374054040881, 8, 3, 81.24529140683804, 48.33367037325235);
INSERT INTO Dati (Rilevazione, Temperatura, Umidita, Ph, FoglieDanneggiate, SuperficieFoglieDanneggiate, Fiori, Frutti, AltezzaPianta, LunghezzaRadice) VALUES ('41', 14.02371766158864, 44.29090081727685, 6.904052628171944, 1, 91.71989616066507, 4, 12, 27.13112528169383, 35.33313649978042);
INSERT INTO Dati (Rilevazione, Temperatura, Umidita, Ph, FoglieDanneggiate, SuperficieFoglieDanneggiate, Fiori, Frutti, AltezzaPianta, LunghezzaRadice) VALUES ('42', 18.893554594647334, 40.83694920398884, 6.100902415423369, 2, 78.59378897249495, 14, 29, 93.48315320451874, 64.74685319658596);
INSERT INTO Dati (Rilevazione, Temperatura, Umidita, Ph, FoglieDanneggiate, SuperficieFoglieDanneggiate, Fiori, Frutti, AltezzaPianta, LunghezzaRadice) VALUES ('43', 12.936305467715062, 73.55092467293103, 7.327053476923428, 3, 13.26991710365063, 13, 42, 142.41104904030752, 163.78379603115448);
INSERT INTO Dati (Rilevazione, Temperatura, Umidita, Ph, FoglieDanneggiate, SuperficieFoglieDanneggiate, Fiori, Frutti, AltezzaPianta, LunghezzaRadice) VALUES ('44', 13.445862945950362, 46.916392097476376, 7.429800083292987, 3, 31.876864292028518, 10, 15, 150.82745259655968, 15.727242545514276);
INSERT INTO Dati (Rilevazione, Temperatura, Umidita, Ph, FoglieDanneggiate, SuperficieFoglieDanneggiate, Fiori, Frutti, AltezzaPianta, LunghezzaRadice) VALUES ('45', 22.25288546298423, 75.41495038775032, 7.754215223053226, 3, 72.67376107100118, 12, 8, 145.45350628328083, 20.65763684746274);
INSERT INTO Dati (Rilevazione, Temperatura, Umidita, Ph, FoglieDanneggiate, SuperficieFoglieDanneggiate, Fiori, Frutti, AltezzaPianta, LunghezzaRadice) VALUES ('46', 14.818273208003736, 30.32712904113763, 5.136693389696887, 5, 30.04444607324167, 6, 36, 79.58262237554953, 33.91930512601014);
INSERT INTO Dati (Rilevazione, Temperatura, Umidita, Ph, FoglieDanneggiate, SuperficieFoglieDanneggiate, Fiori, Frutti, AltezzaPianta, LunghezzaRadice) VALUES ('47', 21.68875232487465, 67.0861040519628, 5.716763451194462, 6, 1.3507795971273162, 1, 5, 11.956092281987747, 199.4501799142);
INSERT INTO Dati (Rilevazione, Temperatura, Umidita, Ph, FoglieDanneggiate, SuperficieFoglieDanneggiate, Fiori, Frutti, AltezzaPianta, LunghezzaRadice) VALUES ('48', 26.54899810595029, 34.463216859984, 5.322910470038812, 1, 83.03701912568629, 4, 26, 73.31279488016604, 71.90133788268355);
INSERT INTO Dati (Rilevazione, Temperatura, Umidita, Ph, FoglieDanneggiate, SuperficieFoglieDanneggiate, Fiori, Frutti, AltezzaPianta, LunghezzaRadice) VALUES ('49', 11.562103977307991, 51.10331534985498, 7.043201795581465, 3, 65.8506437634247, 14, 10, 25.913938160065396, 11.516548960886986);
INSERT INTO Dati (Rilevazione, Temperatura, Umidita, Ph, FoglieDanneggiate, SuperficieFoglieDanneggiate, Fiori, Frutti, AltezzaPianta, LunghezzaRadice) VALUES ('50', 10.857828666520499, 60.34038603558557, 7.99651668466824, 4, 1.7965117657639973, 2, 37, 176.0063248033804, 80.07799246668955);
INSERT INTO Dati (Rilevazione, Temperatura, Umidita, Ph, FoglieDanneggiate, SuperficieFoglieDanneggiate, Fiori, Frutti, AltezzaPianta, LunghezzaRadice) VALUES ('51', 29.377951727883357, 56.22148289849078, 6.674368488839436, 8, 7.324173353773478, 14, 10, 84.13787536946855, 151.18658891488514);
INSERT INTO Dati (Rilevazione, Temperatura, Umidita, Ph, FoglieDanneggiate, SuperficieFoglieDanneggiate, Fiori, Frutti, AltezzaPianta, LunghezzaRadice) VALUES ('52', 28.643301133979143, 64.45678451849287, 5.603196933044883, 3, 78.52760261471221, 11, 50, 138.93875041792677, 191.2285300531622);
INSERT INTO Dati (Rilevazione, Temperatura, Umidita, Ph, FoglieDanneggiate, SuperficieFoglieDanneggiate, Fiori, Frutti, AltezzaPianta, LunghezzaRadice) VALUES ('53', 24.68068231740578, 31.281026988368012, 7.520191156938177, 10, 23.665873640930933, 11, 46, 199.18998776767742, 65.04271694748428);
INSERT INTO Dati (Rilevazione, Temperatura, Umidita, Ph, FoglieDanneggiate, SuperficieFoglieDanneggiate, Fiori, Frutti, AltezzaPianta, LunghezzaRadice) VALUES ('54', 19.694904601374304, 66.65366625971467, 5.965431013290831, 9, 6.655029278954306, 2, 17, 101.15793015345942, 18.566056749974663);
INSERT INTO Dati (Rilevazione, Temperatura, Umidita, Ph, FoglieDanneggiate, SuperficieFoglieDanneggiate, Fiori, Frutti, AltezzaPianta, LunghezzaRadice) VALUES ('55', 28.498385895910364, 76.05904042439218, 6.489287599885982, 4, 51.567517038221176, 16, 17, 128.66327654330047, 157.90972712885434);
INSERT INTO Dati (Rilevazione, Temperatura, Umidita, Ph, FoglieDanneggiate, SuperficieFoglieDanneggiate, Fiori, Frutti, AltezzaPianta, LunghezzaRadice) VALUES ('56', 24.20042453110188, 73.08705163967662, 6.747426236588851, 0, 91.56613157359466, 16, 10, 59.603099948241294, 176.83223993425716);
INSERT INTO Dati (Rilevazione, Temperatura, Umidita, Ph, FoglieDanneggiate, SuperficieFoglieDanneggiate, Fiori, Frutti, AltezzaPianta, LunghezzaRadice) VALUES ('57', 28.46532543423931, 51.58784304352004, 6.916129164599226, 4, 38.35606337946974, 15, 41, 56.18208293325159, 80.0899056928019);
INSERT INTO Dati (Rilevazione, Temperatura, Umidita, Ph, FoglieDanneggiate, SuperficieFoglieDanneggiate, Fiori, Frutti, AltezzaPianta, LunghezzaRadice) VALUES ('58', 24.05547869128721, 37.950044950826516, 5.72838333476478, 0, 81.9272346367941, 16, 49, 148.42847770250447, 169.99754380353517);
INSERT INTO Dati (Rilevazione, Temperatura, Umidita, Ph, FoglieDanneggiate, SuperficieFoglieDanneggiate, Fiori, Frutti, AltezzaPianta, LunghezzaRadice) VALUES ('59', 12.08631810928881, 60.956542417003405, 7.488362880743955, 1, 17.95109043856532, 10, 19, 55.20433746590757, 162.00350205038265);
INSERT INTO Dati (Rilevazione, Temperatura, Umidita, Ph, FoglieDanneggiate, SuperficieFoglieDanneggiate, Fiori, Frutti, AltezzaPianta, LunghezzaRadice) VALUES ('60', 20.897439712701107, 69.544365626346, 7.091635050937144, 3, 89.82919120940043, 20, 36, 192.86588355899002, 24.382615889900862);
INSERT INTO Dati (Rilevazione, Temperatura, Umidita, Ph, FoglieDanneggiate, SuperficieFoglieDanneggiate, Fiori, Frutti, AltezzaPianta, LunghezzaRadice) VALUES ('61', 24.55814002229082, 76.13140286278735, 6.363427436568251, 8, 55.6484879350879, 1, 25, 10.833888211061618, 118.19729742839426);
INSERT INTO Dati (Rilevazione, Temperatura, Umidita, Ph, FoglieDanneggiate, SuperficieFoglieDanneggiate, Fiori, Frutti, AltezzaPianta, LunghezzaRadice) VALUES ('62', 28.420775388597598, 40.38524057387414, 7.5136127056058015, 0, 7.4610449304252535, 2, 36, 62.432453433568675, 94.95407462718636);
INSERT INTO Dati (Rilevazione, Temperatura, Umidita, Ph, FoglieDanneggiate, SuperficieFoglieDanneggiate, Fiori, Frutti, AltezzaPianta, LunghezzaRadice) VALUES ('63', 17.14237230059659, 60.24592957238582, 7.250302229621602, 4, 51.90406363017043, 1, 46, 18.58741920639344, 169.30355179951374);
INSERT INTO Dati (Rilevazione, Temperatura, Umidita, Ph, FoglieDanneggiate, SuperficieFoglieDanneggiate, Fiori, Frutti, AltezzaPianta, LunghezzaRadice) VALUES ('64', 16.853019890045474, 64.59387075208292, 7.060779590982282, 1, 57.102904210150896, 4, 42, 28.89268997198147, 186.92161831387796);
INSERT INTO Dati (Rilevazione, Temperatura, Umidita, Ph, FoglieDanneggiate, SuperficieFoglieDanneggiate, Fiori, Frutti, AltezzaPianta, LunghezzaRadice) VALUES ('65', 15.737432004918684, 65.71266158338062, 7.742989172579316, 9, 90.98328550275629, 18, 29, 152.31095524080948, 195.7033534771829);
INSERT INTO Dati (Rilevazione, Temperatura, Umidita, Ph, FoglieDanneggiate, SuperficieFoglieDanneggiate, Fiori, Frutti, AltezzaPianta, LunghezzaRadice) VALUES ('66', 11.112065698145505, 67.24940266220067, 6.483638087161598, 0, 21.87118203747056, 3, 1, 164.15468950209714, 144.4405276776544);
INSERT INTO Dati (Rilevazione, Temperatura, Umidita, Ph, FoglieDanneggiate, SuperficieFoglieDanneggiate, Fiori, Frutti, AltezzaPianta, LunghezzaRadice) VALUES ('67', 24.33892604114186, 35.699211484256175, 7.897175090783696, 1, 89.60573519621839, 5, 20, 115.02430048011759, 184.84708249401675);
INSERT INTO Dati (Rilevazione, Temperatura, Umidita, Ph, FoglieDanneggiate, SuperficieFoglieDanneggiate, Fiori, Frutti, AltezzaPianta, LunghezzaRadice) VALUES ('68', 15.53517975214904, 50.844420712953244, 7.672976513756931, 2, 85.11324284989489, 20, 29, 196.97996677243327, 71.99127861529831);
INSERT INTO Dati (Rilevazione, Temperatura, Umidita, Ph, FoglieDanneggiate, SuperficieFoglieDanneggiate, Fiori, Frutti, AltezzaPianta, LunghezzaRadice) VALUES ('69', 23.780303653488975, 31.219094454308078, 6.0132638099128215, 5, 88.80363455463774, 15, 6, 110.0960369984392, 32.36202562030475);
INSERT INTO Dati (Rilevazione, Temperatura, Umidita, Ph, FoglieDanneggiate, SuperficieFoglieDanneggiate, Fiori, Frutti, AltezzaPianta, LunghezzaRadice) VALUES ('70', 26.692259000441666, 76.19439553643798, 5.508703304719498, 6, 96.16950199097937, 9, 5, 79.61253656998936, 21.754278539863193);
INSERT INTO Dati (Rilevazione, Temperatura, Umidita, Ph, FoglieDanneggiate, SuperficieFoglieDanneggiate, Fiori, Frutti, AltezzaPianta, LunghezzaRadice) VALUES ('71', 23.147083258163608, 77.87431435119987, 6.37211749262738, 10, 20.367835404656308, 3, 13, 26.959865537064218, 66.88862583394028);
INSERT INTO Dati (Rilevazione, Temperatura, Umidita, Ph, FoglieDanneggiate, SuperficieFoglieDanneggiate, Fiori, Frutti, AltezzaPianta, LunghezzaRadice) VALUES ('72', 26.39564948807909, 60.7880100616637, 7.949010395796033, 10, 91.98443832968182, 12, 2, 121.07183841088575, 148.1919604292472);
INSERT INTO Dati (Rilevazione, Temperatura, Umidita, Ph, FoglieDanneggiate, SuperficieFoglieDanneggiate, Fiori, Frutti, AltezzaPianta, LunghezzaRadice) VALUES ('73', 25.855751680974286, 36.062586731523, 6.787139397748675, 5, 27.2310979702343, 15, 22, 68.41208628814272, 67.36408844910602);
INSERT INTO Dati (Rilevazione, Temperatura, Umidita, Ph, FoglieDanneggiate, SuperficieFoglieDanneggiate, Fiori, Frutti, AltezzaPianta, LunghezzaRadice) VALUES ('74', 17.113424417243124, 72.32870406677735, 7.735387565220096, 3, 57.719512982070206, 19, 28, 139.82391932430608, 88.02229812922872);
INSERT INTO Dati (Rilevazione, Temperatura, Umidita, Ph, FoglieDanneggiate, SuperficieFoglieDanneggiate, Fiori, Frutti, AltezzaPianta, LunghezzaRadice) VALUES ('75', 20.54096507648041, 79.39302379791289, 5.830489935075948, 5, 64.09496539575673, 17, 21, 49.99721639240696, 85.2494274381819);
INSERT INTO Dati (Rilevazione, Temperatura, Umidita, Ph, FoglieDanneggiate, SuperficieFoglieDanneggiate, Fiori, Frutti, AltezzaPianta, LunghezzaRadice) VALUES ('76', 19.326230219099678, 54.130986855972864, 7.7936804743221995, 2, 13.230188117396446, 7, 47, 68.44131608789452, 149.44323328747132);
INSERT INTO Dati (Rilevazione, Temperatura, Umidita, Ph, FoglieDanneggiate, SuperficieFoglieDanneggiate, Fiori, Frutti, AltezzaPianta, LunghezzaRadice) VALUES ('77', 27.199049363554884, 43.198197283613965, 5.20526729524954, 8, 64.90332552042045, 19, 16, 161.45340911362572, 52.72284324199747);
INSERT INTO Dati (Rilevazione, Temperatura, Umidita, Ph, FoglieDanneggiate, SuperficieFoglieDanneggiate, Fiori, Frutti, AltezzaPianta, LunghezzaRadice) VALUES ('78', 11.204462465469094, 57.913968835159814, 7.630443910591375, 6, 12.201210510593308, 16, 45, 183.75116974526222, 160.50794247179226);
INSERT INTO Dati (Rilevazione, Temperatura, Umidita, Ph, FoglieDanneggiate, SuperficieFoglieDanneggiate, Fiori, Frutti, AltezzaPianta, LunghezzaRadice) VALUES ('79', 16.308566337270882, 70.73567860610316, 7.846902968444876, 10, 89.65345692220814, 1, 8, 53.57409149164411, 15.870557976717375);
INSERT INTO Dati (Rilevazione, Temperatura, Umidita, Ph, FoglieDanneggiate, SuperficieFoglieDanneggiate, Fiori, Frutti, AltezzaPianta, LunghezzaRadice) VALUES ('80', 23.068463780579034, 33.486020820702365, 5.519227040336352, 2, 88.43040026779477, 6, 9, 198.60480392813653, 124.79995018992425);
INSERT INTO Dati (Rilevazione, Temperatura, Umidita, Ph, FoglieDanneggiate, SuperficieFoglieDanneggiate, Fiori, Frutti, AltezzaPianta, LunghezzaRadice) VALUES ('81', 18.312176862599394, 57.966876265875015, 6.50061773173956, 3, 50.23430953598368, 2, 4, 70.621985741925, 184.25655843899642);
INSERT INTO Dati (Rilevazione, Temperatura, Umidita, Ph, FoglieDanneggiate, SuperficieFoglieDanneggiate, Fiori, Frutti, AltezzaPianta, LunghezzaRadice) VALUES ('82', 14.562962949092178, 33.781303222789575, 6.989355248221591, 9, 68.36320208256868, 12, 18, 65.10758952827204, 155.18666201725563);
INSERT INTO Dati (Rilevazione, Temperatura, Umidita, Ph, FoglieDanneggiate, SuperficieFoglieDanneggiate, Fiori, Frutti, AltezzaPianta, LunghezzaRadice) VALUES ('83', 23.622609372370786, 70.33767997615556, 5.858397041152914, 7, 32.10051236983102, 4, 34, 148.8507826096207, 170.22519227699277);
INSERT INTO Dati (Rilevazione, Temperatura, Umidita, Ph, FoglieDanneggiate, SuperficieFoglieDanneggiate, Fiori, Frutti, AltezzaPianta, LunghezzaRadice) VALUES ('84', 25.387581585809738, 33.837228351529475, 5.004354313943622, 10, 72.43751547841117, 5, 37, 160.96983685863646, 19.51066160233261);
INSERT INTO Dati (Rilevazione, Temperatura, Umidita, Ph, FoglieDanneggiate, SuperficieFoglieDanneggiate, Fiori, Frutti, AltezzaPianta, LunghezzaRadice) VALUES ('85', 19.49550003136208, 47.84308836846656, 7.178368113733693, 10, 10.445702580868431, 12, 36, 132.26855475992724, 81.74928951748528);
INSERT INTO Dati (Rilevazione, Temperatura, Umidita, Ph, FoglieDanneggiate, SuperficieFoglieDanneggiate, Fiori, Frutti, AltezzaPianta, LunghezzaRadice) VALUES ('86', 11.007617372387283, 77.81539877558578, 5.794123369222285, 2, 15.223290287725778, 3, 24, 139.20176284441865, 42.014938707630385);
INSERT INTO Dati (Rilevazione, Temperatura, Umidita, Ph, FoglieDanneggiate, SuperficieFoglieDanneggiate, Fiori, Frutti, AltezzaPianta, LunghezzaRadice) VALUES ('87', 13.42949983267918, 66.28123446708815, 6.832541266552772, 3, 50.98852395904521, 1, 23, 178.85735003784947, 34.89638933896765);
INSERT INTO Dati (Rilevazione, Temperatura, Umidita, Ph, FoglieDanneggiate, SuperficieFoglieDanneggiate, Fiori, Frutti, AltezzaPianta, LunghezzaRadice) VALUES ('88', 17.78155180506946, 65.96593488948838, 6.536497943459089, 8, 51.14931782891361, 4, 38, 107.74334187857804, 87.57028386027794);
INSERT INTO Dati (Rilevazione, Temperatura, Umidita, Ph, FoglieDanneggiate, SuperficieFoglieDanneggiate, Fiori, Frutti, AltezzaPianta, LunghezzaRadice) VALUES ('89', 16.39379958359213, 69.07277869247574, 5.829018593862317, 10, 31.987702237994377, 7, 13, 96.11223131182328, 133.6172982617272);
INSERT INTO Dati (Rilevazione, Temperatura, Umidita, Ph, FoglieDanneggiate, SuperficieFoglieDanneggiate, Fiori, Frutti, AltezzaPianta, LunghezzaRadice) VALUES ('90', 16.762728085328064, 68.20823610341944, 5.971008268232244, 7, 6.41200350052179, 14, 11, 148.6004090565776, 171.31247142589436);
INSERT INTO Dati (Rilevazione, Temperatura, Umidita, Ph, FoglieDanneggiate, SuperficieFoglieDanneggiate, Fiori, Frutti, AltezzaPianta, LunghezzaRadice) VALUES ('91', 23.265522007369718, 74.07812589049509, 5.362877097017711, 6, 30.272493610208628, 14, 0, 183.76535713788078, 14.708468339043478);
INSERT INTO Dati (Rilevazione, Temperatura, Umidita, Ph, FoglieDanneggiate, SuperficieFoglieDanneggiate, Fiori, Frutti, AltezzaPianta, LunghezzaRadice) VALUES ('92', 18.361593344354155, 50.72855744181018, 7.3403935334379256, 5, 4.949411220914279, 0, 17, 199.31780823068948, 18.416012288315294);
INSERT INTO Dati (Rilevazione, Temperatura, Umidita, Ph, FoglieDanneggiate, SuperficieFoglieDanneggiate, Fiori, Frutti, AltezzaPianta, LunghezzaRadice) VALUES ('93', 27.504746582960273, 75.85815624339438, 6.344219719015984, 8, 87.80735912665978, 13, 0, 160.31406213595048, 87.42071716758419);
INSERT INTO Dati (Rilevazione, Temperatura, Umidita, Ph, FoglieDanneggiate, SuperficieFoglieDanneggiate, Fiori, Frutti, AltezzaPianta, LunghezzaRadice) VALUES ('94', 28.843099030634313, 66.0760541658147, 5.536744395693234, 3, 69.00228689643771, 11, 42, 152.68187101561662, 17.13803111930401);
INSERT INTO Dati (Rilevazione, Temperatura, Umidita, Ph, FoglieDanneggiate, SuperficieFoglieDanneggiate, Fiori, Frutti, AltezzaPianta, LunghezzaRadice) VALUES ('95', 13.05977789916305, 68.54971401142564, 6.2561727283634685, 6, 74.14820581222648, 4, 30, 58.629942293307145, 195.77312980500827);
INSERT INTO Dati (Rilevazione, Temperatura, Umidita, Ph, FoglieDanneggiate, SuperficieFoglieDanneggiate, Fiori, Frutti, AltezzaPianta, LunghezzaRadice) VALUES ('96', 11.909089898140097, 78.08516301854341, 6.29608520616177, 3, 98.79547735179894, 15, 37, 24.84915853347124, 12.096972549330289);
INSERT INTO Dati (Rilevazione, Temperatura, Umidita, Ph, FoglieDanneggiate, SuperficieFoglieDanneggiate, Fiori, Frutti, AltezzaPianta, LunghezzaRadice) VALUES ('97', 24.284713617915305, 65.76571223827602, 7.46121859202543, 6, 84.43576291281244, 0, 3, 23.333144355369487, 43.21378733078682);
INSERT INTO Dati (Rilevazione, Temperatura, Umidita, Ph, FoglieDanneggiate, SuperficieFoglieDanneggiate, Fiori, Frutti, AltezzaPianta, LunghezzaRadice) VALUES ('98', 27.887886483856203, 52.611208799440135, 5.585150899071791, 8, 48.33743254521487, 3, 40, 170.80542553480726, 198.5662009428967);
INSERT INTO Dati (Rilevazione, Temperatura, Umidita, Ph, FoglieDanneggiate, SuperficieFoglieDanneggiate, Fiori, Frutti, AltezzaPianta, LunghezzaRadice) VALUES ('99', 17.29084811843281, 62.936129842392724, 6.779786667360716, 10, 54.292381353635996, 5, 21, 59.19726237806625, 67.04426064123591);
INSERT INTO Dati (Rilevazione, Temperatura, Umidita, Ph, FoglieDanneggiate, SuperficieFoglieDanneggiate, Fiori, Frutti, AltezzaPianta, LunghezzaRadice) VALUES ('100', 16.394946245692296, 40.82340396232607, 7.8102423847295155, 7, 75.65574734750508, 1, 35, 66.04109845415832, 83.89313993483607);
INSERT INTO Responsabile (Rilevazione, InserimentoPersona, RilevatorePersona, InserimentoClasse, RilevatoreClasse) VALUES ('1', 'gentilinidomenico@example.net', NULL, NULL, NULL);
INSERT INTO Responsabile (Rilevazione, InserimentoPersona, RilevatorePersona, InserimentoClasse, RilevatoreClasse) VALUES ('2', NULL, 'agostininiccolo@example.com', '2085626055', NULL);
INSERT INTO Responsabile (Rilevazione, InserimentoPersona, RilevatorePersona, InserimentoClasse, RilevatoreClasse) VALUES ('3', 'xgemito@example.org', NULL, NULL, NULL);
INSERT INTO Responsabile (Rilevazione, InserimentoPersona, RilevatorePersona, InserimentoClasse, RilevatoreClasse) VALUES ('4', 'bramazzotti@example.net', NULL, NULL, NULL);
INSERT INTO Responsabile (Rilevazione, InserimentoPersona, RilevatorePersona, InserimentoClasse, RilevatoreClasse) VALUES ('5', 'guinizzelliirma@example.net', NULL, NULL, NULL);
INSERT INTO Responsabile (Rilevazione, InserimentoPersona, RilevatorePersona, InserimentoClasse, RilevatoreClasse) VALUES ('6', 'cassandra35@example.org', NULL, NULL, '4505011482');
INSERT INTO Responsabile (Rilevazione, InserimentoPersona, RilevatorePersona, InserimentoClasse, RilevatoreClasse) VALUES ('7', NULL, 'zaira73@example.com', '9928180072', NULL);
INSERT INTO Responsabile (Rilevazione, InserimentoPersona, RilevatorePersona, InserimentoClasse, RilevatoreClasse) VALUES ('8', NULL, 'mircochechi@example.net', '5098535728', NULL);
INSERT INTO Responsabile (Rilevazione, InserimentoPersona, RilevatorePersona, InserimentoClasse, RilevatoreClasse) VALUES ('9', NULL, NULL, 1165214472, NULL);
INSERT INTO Responsabile (Rilevazione, InserimentoPersona, RilevatorePersona, InserimentoClasse, RilevatoreClasse) VALUES ('10', NULL, NULL, 1236767860, NULL);
INSERT INTO Responsabile (Rilevazione, InserimentoPersona, RilevatorePersona, InserimentoClasse, RilevatoreClasse) VALUES ('11', NULL, NULL, 2242374436, NULL);
INSERT INTO Responsabile (Rilevazione, InserimentoPersona, RilevatorePersona, InserimentoClasse, RilevatoreClasse) VALUES ('12', NULL, 'romeo28@example.org', '3079036912', NULL);
INSERT INTO Responsabile (Rilevazione, InserimentoPersona, RilevatorePersona, InserimentoClasse, RilevatoreClasse) VALUES ('13', NULL, 'collinabiagio@example.net', '8489712252', NULL);
INSERT INTO Responsabile (Rilevazione, InserimentoPersona, RilevatorePersona, InserimentoClasse, RilevatoreClasse) VALUES ('14', 'kmaglio@example.net', NULL, NULL, NULL);
INSERT INTO Responsabile (Rilevazione, InserimentoPersona, RilevatorePersona, InserimentoClasse, RilevatoreClasse) VALUES ('15', 'wmarrone@example.com', NULL, NULL, NULL);
INSERT INTO Responsabile (Rilevazione, InserimentoPersona, RilevatorePersona, InserimentoClasse, RilevatoreClasse) VALUES ('16', 'fbenussi@example.net', NULL, NULL, NULL);
INSERT INTO Responsabile (Rilevazione, InserimentoPersona, RilevatorePersona, InserimentoClasse, RilevatoreClasse) VALUES ('17', NULL, 'eugeniagabba@example.com', '8489712252', NULL);
INSERT INTO Responsabile (Rilevazione, InserimentoPersona, RilevatorePersona, InserimentoClasse, RilevatoreClasse) VALUES ('18', 'luchino87@example.com', NULL, NULL, NULL);
INSERT INTO Responsabile (Rilevazione, InserimentoPersona, RilevatorePersona, InserimentoClasse, RilevatoreClasse) VALUES ('19', 'laurettaferrabosco@example.com', NULL, NULL, NULL);
INSERT INTO Responsabile (Rilevazione, InserimentoPersona, RilevatorePersona, InserimentoClasse, RilevatoreClasse) VALUES ('20', NULL, 'amanda96@example.com', '7003944217', NULL);
INSERT INTO Responsabile (Rilevazione, InserimentoPersona, RilevatorePersona, InserimentoClasse, RilevatoreClasse) VALUES ('21', 'korengo@example.com', NULL, NULL, '5098535728');
INSERT INTO Responsabile (Rilevazione, InserimentoPersona, RilevatorePersona, InserimentoClasse, RilevatoreClasse) VALUES ('22', 'adelasiabonanno@example.net', NULL, NULL, '4557524522');
INSERT INTO Responsabile (Rilevazione, InserimentoPersona, RilevatorePersona, InserimentoClasse, RilevatoreClasse) VALUES ('23', NULL, NULL, 3126979109, NULL);
INSERT INTO Responsabile (Rilevazione, InserimentoPersona, RilevatorePersona, InserimentoClasse, RilevatoreClasse) VALUES ('24', 'tonino49@example.com', NULL, NULL, '6492245177');
INSERT INTO Responsabile (Rilevazione, InserimentoPersona, RilevatorePersona, InserimentoClasse, RilevatoreClasse) VALUES ('25', NULL, 'fbenussi@example.net', '8489712252', NULL);
INSERT INTO Responsabile (Rilevazione, InserimentoPersona, RilevatorePersona, InserimentoClasse, RilevatoreClasse) VALUES ('26', 'edoardo40@example.org', NULL, NULL, NULL);
INSERT INTO Responsabile (Rilevazione, InserimentoPersona, RilevatorePersona, InserimentoClasse, RilevatoreClasse) VALUES ('27', 'xgemito@example.org', NULL, NULL, '3126979109');
INSERT INTO Responsabile (Rilevazione, InserimentoPersona, RilevatorePersona, InserimentoClasse, RilevatoreClasse) VALUES ('28', 'mircochechi@example.net', NULL, NULL, NULL);
INSERT INTO Responsabile (Rilevazione, InserimentoPersona, RilevatorePersona, InserimentoClasse, RilevatoreClasse) VALUES ('29', 'xcibin@example.net', NULL, NULL, NULL);
INSERT INTO Responsabile (Rilevazione, InserimentoPersona, RilevatorePersona, InserimentoClasse, RilevatoreClasse) VALUES ('30', 'zcarducci@example.com', NULL, NULL, '5098535728');
INSERT INTO Responsabile (Rilevazione, InserimentoPersona, RilevatorePersona, InserimentoClasse, RilevatoreClasse) VALUES ('31', 'gagginilamberto@example.net', NULL, NULL, NULL);
INSERT INTO Responsabile (Rilevazione, InserimentoPersona, RilevatorePersona, InserimentoClasse, RilevatoreClasse) VALUES ('32', NULL, NULL, 7003944217, NULL);
INSERT INTO Responsabile (Rilevazione, InserimentoPersona, RilevatorePersona, InserimentoClasse, RilevatoreClasse) VALUES ('33', 'francesca34@example.net', NULL, NULL, '416559362');
INSERT INTO Responsabile (Rilevazione, InserimentoPersona, RilevatorePersona, InserimentoClasse, RilevatoreClasse) VALUES ('34', NULL, 'petrassielisa@example.com', '4616231847', NULL);
INSERT INTO Responsabile (Rilevazione, InserimentoPersona, RilevatorePersona, InserimentoClasse, RilevatoreClasse) VALUES ('35', 'adrianacamuccini@example.net', NULL, NULL, '4514353766');
INSERT INTO Responsabile (Rilevazione, InserimentoPersona, RilevatorePersona, InserimentoClasse, RilevatoreClasse) VALUES ('36', NULL, 'econti@example.net', '9928180072', NULL);
INSERT INTO Responsabile (Rilevazione, InserimentoPersona, RilevatorePersona, InserimentoClasse, RilevatoreClasse) VALUES ('37', NULL, NULL, 6779927080, NULL);
INSERT INTO Responsabile (Rilevazione, InserimentoPersona, RilevatorePersona, InserimentoClasse, RilevatoreClasse) VALUES ('38', NULL, NULL, 6779927080, NULL);
INSERT INTO Responsabile (Rilevazione, InserimentoPersona, RilevatorePersona, InserimentoClasse, RilevatoreClasse) VALUES ('39', NULL, NULL, 9928180072, NULL);
INSERT INTO Responsabile (Rilevazione, InserimentoPersona, RilevatorePersona, InserimentoClasse, RilevatoreClasse) VALUES ('40', NULL, 'matteo07@example.org', '7003944217', NULL);
INSERT INTO Responsabile (Rilevazione, InserimentoPersona, RilevatorePersona, InserimentoClasse, RilevatoreClasse) VALUES ('41', NULL, 'fantiniezio@example.org', '5098535728', NULL);
INSERT INTO Responsabile (Rilevazione, InserimentoPersona, RilevatorePersona, InserimentoClasse, RilevatoreClasse) VALUES ('42', 'adrianacamuccini@example.net', NULL, NULL, NULL);
INSERT INTO Responsabile (Rilevazione, InserimentoPersona, RilevatorePersona, InserimentoClasse, RilevatoreClasse) VALUES ('43', 'sylvia05@example.net', NULL, NULL, '9928180072');
INSERT INTO Responsabile (Rilevazione, InserimentoPersona, RilevatorePersona, InserimentoClasse, RilevatoreClasse) VALUES ('44', 'cherubinicristina@example.org', NULL, NULL, '6779927080');
INSERT INTO Responsabile (Rilevazione, InserimentoPersona, RilevatorePersona, InserimentoClasse, RilevatoreClasse) VALUES ('45', 'zcarducci@example.com', NULL, NULL, NULL);
INSERT INTO Responsabile (Rilevazione, InserimentoPersona, RilevatorePersona, InserimentoClasse, RilevatoreClasse) VALUES ('46', NULL, 'ctresoldi@example.com', '4514353766', NULL);
INSERT INTO Responsabile (Rilevazione, InserimentoPersona, RilevatorePersona, InserimentoClasse, RilevatoreClasse) VALUES ('47', 'gioacchino18@example.com', NULL, NULL, NULL);
INSERT INTO Responsabile (Rilevazione, InserimentoPersona, RilevatorePersona, InserimentoClasse, RilevatoreClasse) VALUES ('48', 'wmarrone@example.com', NULL, NULL, '3079036912');
INSERT INTO Responsabile (Rilevazione, InserimentoPersona, RilevatorePersona, InserimentoClasse, RilevatoreClasse) VALUES ('49', NULL, NULL, 7003944217, NULL);
INSERT INTO Responsabile (Rilevazione, InserimentoPersona, RilevatorePersona, InserimentoClasse, RilevatoreClasse) VALUES ('50', NULL, 'rosalia70@example.org', '4616231847', NULL);
INSERT INTO Responsabile (Rilevazione, InserimentoPersona, RilevatorePersona, InserimentoClasse, RilevatoreClasse) VALUES ('51', 'petrassielisa@example.com', NULL, NULL, NULL);
INSERT INTO Responsabile (Rilevazione, InserimentoPersona, RilevatorePersona, InserimentoClasse, RilevatoreClasse) VALUES ('52', 'matteo07@example.org', NULL, NULL, '4557524522');
INSERT INTO Responsabile (Rilevazione, InserimentoPersona, RilevatorePersona, InserimentoClasse, RilevatoreClasse) VALUES ('53', NULL, 'tebaldigirolamo@example.net', '4616231847', NULL);
INSERT INTO Responsabile (Rilevazione, InserimentoPersona, RilevatorePersona, InserimentoClasse, RilevatoreClasse) VALUES ('54', NULL, NULL, 5098535728, NULL);
INSERT INTO Responsabile (Rilevazione, InserimentoPersona, RilevatorePersona, InserimentoClasse, RilevatoreClasse) VALUES ('55', NULL, NULL, 6419372397, NULL);
INSERT INTO Responsabile (Rilevazione, InserimentoPersona, RilevatorePersona, InserimentoClasse, RilevatoreClasse) VALUES ('56', NULL, NULL, 1236767860, NULL);
INSERT INTO Responsabile (Rilevazione, InserimentoPersona, RilevatorePersona, InserimentoClasse, RilevatoreClasse) VALUES ('57', 'mircochechi@example.net', NULL, NULL, '1236767860');
INSERT INTO Responsabile (Rilevazione, InserimentoPersona, RilevatorePersona, InserimentoClasse, RilevatoreClasse) VALUES ('58', NULL, NULL, 3126979109, NULL);
INSERT INTO Responsabile (Rilevazione, InserimentoPersona, RilevatorePersona, InserimentoClasse, RilevatoreClasse) VALUES ('59', 'xbarillaro@example.net', NULL, NULL, NULL);
INSERT INTO Responsabile (Rilevazione, InserimentoPersona, RilevatorePersona, InserimentoClasse, RilevatoreClasse) VALUES ('60', 'sandrocutrufo@example.com', NULL, NULL, NULL);
INSERT INTO Responsabile (Rilevazione, InserimentoPersona, RilevatorePersona, InserimentoClasse, RilevatoreClasse) VALUES ('61', 'sylvia05@example.net', NULL, NULL, '416559362');
INSERT INTO Responsabile (Rilevazione, InserimentoPersona, RilevatorePersona, InserimentoClasse, RilevatoreClasse) VALUES ('62', 'petrassielisa@example.com', NULL, NULL, NULL);
INSERT INTO Responsabile (Rilevazione, InserimentoPersona, RilevatorePersona, InserimentoClasse, RilevatoreClasse) VALUES ('63', NULL, NULL, 5098535728, NULL);
INSERT INTO Responsabile (Rilevazione, InserimentoPersona, RilevatorePersona, InserimentoClasse, RilevatoreClasse) VALUES ('64', 'lodovicopedersoli@example.net', NULL, NULL, NULL);
INSERT INTO Responsabile (Rilevazione, InserimentoPersona, RilevatorePersona, InserimentoClasse, RilevatoreClasse) VALUES ('65', 'danielerusso@example.org', NULL, NULL, '9928180072');
INSERT INTO Responsabile (Rilevazione, InserimentoPersona, RilevatorePersona, InserimentoClasse, RilevatoreClasse) VALUES ('66', NULL, 'raffaello08@example.com', '4505011482', NULL);
INSERT INTO Responsabile (Rilevazione, InserimentoPersona, RilevatorePersona, InserimentoClasse, RilevatoreClasse) VALUES ('67', 'baroffiogiosue@example.org', NULL, NULL, NULL);
INSERT INTO Responsabile (Rilevazione, InserimentoPersona, RilevatorePersona, InserimentoClasse, RilevatoreClasse) VALUES ('68', NULL, NULL, 4557524522, NULL);
INSERT INTO Responsabile (Rilevazione, InserimentoPersona, RilevatorePersona, InserimentoClasse, RilevatoreClasse) VALUES ('69', NULL, 'ilariagigli@example.net', '6492245177', NULL);
INSERT INTO Responsabile (Rilevazione, InserimentoPersona, RilevatorePersona, InserimentoClasse, RilevatoreClasse) VALUES ('70', 'cinteriano@example.org', NULL, NULL, NULL);
INSERT INTO Responsabile (Rilevazione, InserimentoPersona, RilevatorePersona, InserimentoClasse, RilevatoreClasse) VALUES ('71', 'lodovicopedersoli@example.net', NULL, NULL, '8489712252');
INSERT INTO Responsabile (Rilevazione, InserimentoPersona, RilevatorePersona, InserimentoClasse, RilevatoreClasse) VALUES ('72', 'xgemito@example.org', NULL, NULL, '3079036912');
INSERT INTO Responsabile (Rilevazione, InserimentoPersona, RilevatorePersona, InserimentoClasse, RilevatoreClasse) VALUES ('73', 'lodovicopedersoli@example.net', NULL, NULL, NULL);
INSERT INTO Responsabile (Rilevazione, InserimentoPersona, RilevatorePersona, InserimentoClasse, RilevatoreClasse) VALUES ('74', NULL, NULL, 2085626055, NULL);
INSERT INTO Responsabile (Rilevazione, InserimentoPersona, RilevatorePersona, InserimentoClasse, RilevatoreClasse) VALUES ('75', NULL, NULL, 3079036912, NULL);
INSERT INTO Responsabile (Rilevazione, InserimentoPersona, RilevatorePersona, InserimentoClasse, RilevatoreClasse) VALUES ('76', NULL, NULL, 4514353766, NULL);
INSERT INTO Responsabile (Rilevazione, InserimentoPersona, RilevatorePersona, InserimentoClasse, RilevatoreClasse) VALUES ('77', NULL, 'cassandra35@example.org', '416559362', NULL);
INSERT INTO Responsabile (Rilevazione, InserimentoPersona, RilevatorePersona, InserimentoClasse, RilevatoreClasse) VALUES ('78', NULL, NULL, 4505011482, NULL);
INSERT INTO Responsabile (Rilevazione, InserimentoPersona, RilevatorePersona, InserimentoClasse, RilevatoreClasse) VALUES ('79', NULL, NULL, 6419372397, NULL);
INSERT INTO Responsabile (Rilevazione, InserimentoPersona, RilevatorePersona, InserimentoClasse, RilevatoreClasse) VALUES ('80', 'ilariagigli@example.net', NULL, NULL, '416559362');
INSERT INTO Responsabile (Rilevazione, InserimentoPersona, RilevatorePersona, InserimentoClasse, RilevatoreClasse) VALUES ('81', NULL, NULL, 3126979109, NULL);
INSERT INTO Responsabile (Rilevazione, InserimentoPersona, RilevatorePersona, InserimentoClasse, RilevatoreClasse) VALUES ('82', 'xgemito@example.org', NULL, NULL, NULL);
INSERT INTO Responsabile (Rilevazione, InserimentoPersona, RilevatorePersona, InserimentoClasse, RilevatoreClasse) VALUES ('83', NULL, 'agostino99@example.net', '9928180072', NULL);
INSERT INTO Responsabile (Rilevazione, InserimentoPersona, RilevatorePersona, InserimentoClasse, RilevatoreClasse) VALUES ('84', 'sermontigaetano@example.org', NULL, NULL, '5098535728');
INSERT INTO Responsabile (Rilevazione, InserimentoPersona, RilevatorePersona, InserimentoClasse, RilevatoreClasse) VALUES ('85', 'amanda96@example.com', NULL, NULL, '3126979109');
INSERT INTO Responsabile (Rilevazione, InserimentoPersona, RilevatorePersona, InserimentoClasse, RilevatoreClasse) VALUES ('86', NULL, 'luchino87@example.com', '6419372397', NULL);
INSERT INTO Responsabile (Rilevazione, InserimentoPersona, RilevatorePersona, InserimentoClasse, RilevatoreClasse) VALUES ('87', 'bcanali@example.org', NULL, NULL, '6419372397');
INSERT INTO Responsabile (Rilevazione, InserimentoPersona, RilevatorePersona, InserimentoClasse, RilevatoreClasse) VALUES ('88', 'annamaria88@example.com', NULL, NULL, '2085626055');
INSERT INTO Responsabile (Rilevazione, InserimentoPersona, RilevatorePersona, InserimentoClasse, RilevatoreClasse) VALUES ('89', 'fabriziafibonacci@example.com', NULL, NULL, '2085626055');
INSERT INTO Responsabile (Rilevazione, InserimentoPersona, RilevatorePersona, InserimentoClasse, RilevatoreClasse) VALUES ('90', NULL, NULL, 4616231847, NULL);
INSERT INTO Responsabile (Rilevazione, InserimentoPersona, RilevatorePersona, InserimentoClasse, RilevatoreClasse) VALUES ('91', NULL, NULL, 6779927080, NULL);
INSERT INTO Responsabile (Rilevazione, InserimentoPersona, RilevatorePersona, InserimentoClasse, RilevatoreClasse) VALUES ('92', 'bcanali@example.org', NULL, NULL, NULL);
INSERT INTO Responsabile (Rilevazione, InserimentoPersona, RilevatorePersona, InserimentoClasse, RilevatoreClasse) VALUES ('93', 'margherita71@example.net', NULL, NULL, NULL);
INSERT INTO Responsabile (Rilevazione, InserimentoPersona, RilevatorePersona, InserimentoClasse, RilevatoreClasse) VALUES ('94', 'gaetano15@example.com', NULL, NULL, '4616231847');
INSERT INTO Responsabile (Rilevazione, InserimentoPersona, RilevatorePersona, InserimentoClasse, RilevatoreClasse) VALUES ('95', 'lodovicopedersoli@example.net', NULL, NULL, NULL);
INSERT INTO Responsabile (Rilevazione, InserimentoPersona, RilevatorePersona, InserimentoClasse, RilevatoreClasse) VALUES ('96', 'rosalia70@example.org', NULL, NULL, NULL);
INSERT INTO Responsabile (Rilevazione, InserimentoPersona, RilevatorePersona, InserimentoClasse, RilevatoreClasse) VALUES ('97', 'cinteriano@example.org', NULL, NULL, NULL);
INSERT INTO Responsabile (Rilevazione, InserimentoPersona, RilevatorePersona, InserimentoClasse, RilevatoreClasse) VALUES ('98', NULL, 'ranieri66@example.com', '6779927080', NULL);
INSERT INTO Responsabile (Rilevazione, InserimentoPersona, RilevatorePersona, InserimentoClasse, RilevatoreClasse) VALUES ('99', NULL, 'fbenussi@example.net', '2242374436', NULL);
INSERT INTO Responsabile (Rilevazione, InserimentoPersona, RilevatorePersona, InserimentoClasse, RilevatoreClasse) VALUES ('100', 'cborzomi@example.net', NULL, NULL, '9928180072');
